-- MySQL dump 10.15  Distrib 10.0.38-MariaDB, for debian-linux-gnu (x86_64)
--
-- Host: localhost    Database: new_ypia
-- ------------------------------------------------------
-- Server version	10.0.38-MariaDB-0ubuntu0.16.04.1

/*!40101 SET @OLD_CHARACTER_SET_CLIENT=@@CHARACTER_SET_CLIENT */;
/*!40101 SET @OLD_CHARACTER_SET_RESULTS=@@CHARACTER_SET_RESULTS */;
/*!40101 SET @OLD_COLLATION_CONNECTION=@@COLLATION_CONNECTION */;
/*!40101 SET NAMES utf8mb4 */;
/*!40103 SET @OLD_TIME_ZONE=@@TIME_ZONE */;
/*!40103 SET TIME_ZONE='+00:00' */;
/*!40014 SET @OLD_UNIQUE_CHECKS=@@UNIQUE_CHECKS, UNIQUE_CHECKS=0 */;
/*!40014 SET @OLD_FOREIGN_KEY_CHECKS=@@FOREIGN_KEY_CHECKS, FOREIGN_KEY_CHECKS=0 */;
/*!40101 SET @OLD_SQL_MODE=@@SQL_MODE, SQL_MODE='NO_AUTO_VALUE_ON_ZERO' */;
/*!40111 SET @OLD_SQL_NOTES=@@SQL_NOTES, SQL_NOTES=0 */;

--
-- Table structure for table `auth_assignment`
--

DROP TABLE IF EXISTS `auth_assignment`;
/*!40101 SET @saved_cs_client     = @@character_set_client */;
/*!40101 SET character_set_client = utf8 */;
CREATE TABLE `auth_assignment` (
  `item_name` varchar(64) COLLATE utf8_unicode_ci NOT NULL,
  `user_id` varchar(64) COLLATE utf8_unicode_ci NOT NULL,
  `created_at` int(11) DEFAULT NULL,
  PRIMARY KEY (`item_name`,`user_id`),
  KEY `auth_assignment_user_id_idx` (`user_id`),
  CONSTRAINT `auth_assignment_ibfk_1` FOREIGN KEY (`item_name`) REFERENCES `auth_item` (`name`) ON DELETE CASCADE ON UPDATE CASCADE
) ENGINE=InnoDB DEFAULT CHARSET=utf8 COLLATE=utf8_unicode_ci;
/*!40101 SET character_set_client = @saved_cs_client */;

--
-- Dumping data for table `auth_assignment`
--

LOCK TABLES `auth_assignment` WRITE;
/*!40000 ALTER TABLE `auth_assignment` DISABLE KEYS */;
INSERT INTO `auth_assignment` VALUES ('Administrasi','3',1532521022),('Administrasi','4',1533822270),('Super Admin','1',NULL);
/*!40000 ALTER TABLE `auth_assignment` ENABLE KEYS */;
UNLOCK TABLES;

--
-- Table structure for table `auth_item`
--

DROP TABLE IF EXISTS `auth_item`;
/*!40101 SET @saved_cs_client     = @@character_set_client */;
/*!40101 SET character_set_client = utf8 */;
CREATE TABLE `auth_item` (
  `name` varchar(64) COLLATE utf8_unicode_ci NOT NULL,
  `type` smallint(6) NOT NULL,
  `description` text COLLATE utf8_unicode_ci,
  `rule_name` varchar(64) COLLATE utf8_unicode_ci DEFAULT NULL,
  `data` blob,
  `created_at` int(11) DEFAULT NULL,
  `updated_at` int(11) DEFAULT NULL,
  PRIMARY KEY (`name`),
  KEY `rule_name` (`rule_name`),
  KEY `idx-auth_item-type` (`type`),
  CONSTRAINT `auth_item_ibfk_1` FOREIGN KEY (`rule_name`) REFERENCES `auth_rule` (`name`) ON DELETE SET NULL ON UPDATE CASCADE
) ENGINE=InnoDB DEFAULT CHARSET=utf8 COLLATE=utf8_unicode_ci;
/*!40101 SET character_set_client = @saved_cs_client */;

--
-- Dumping data for table `auth_item`
--

LOCK TABLES `auth_item` WRITE;
/*!40000 ALTER TABLE `auth_item` DISABLE KEYS */;
INSERT INTO `auth_item` VALUES ('/*',2,NULL,NULL,NULL,1532567725,1532567725),('/debug/*',2,NULL,NULL,NULL,1532519215,1532519215),('/debug/default/*',2,NULL,NULL,NULL,1532519217,1532519217),('/debug/user/*',2,NULL,NULL,NULL,1532519218,1532519218),('/gii/*',2,NULL,NULL,NULL,1532519219,1532519219),('/gii/default/*',2,NULL,NULL,NULL,1532519220,1532519220),('/gridview/*',2,NULL,NULL,NULL,1532567728,1532567728),('/gridview/export/*',2,NULL,NULL,NULL,1532567729,1532567729),('/jenjang/*',2,NULL,NULL,NULL,1532568325,1532568325),('/kelas/*',2,NULL,NULL,NULL,1532619335,1532619335),('/mimin/*',2,NULL,NULL,NULL,1532519222,1532519222),('/mimin/role/*',2,NULL,NULL,NULL,1532519222,1532519222),('/mimin/route/*',2,NULL,NULL,NULL,1532519223,1532519223),('/pembayaran-pmb/*',2,NULL,NULL,NULL,1535642932,1535642932),('/pembayaran-spi/*',2,NULL,NULL,NULL,1535642933,1535642933),('/pembayaran-spp/*',2,NULL,NULL,NULL,1535642934,1535642934),('/periode/*',2,NULL,NULL,NULL,1532568327,1532568327),('/siswa/*',2,NULL,NULL,NULL,1532619338,1532619338),('/site/*',2,NULL,NULL,NULL,1532519225,1532519225),('/slip-pembayaran/*',2,NULL,NULL,NULL,1532619341,1532619341),('/uraian/*',2,NULL,NULL,NULL,1532619342,1532619342),('/users/*',2,NULL,NULL,NULL,1532519225,1532519225),('/users/index',2,NULL,NULL,NULL,1535642959,1535642959),('Admin',1,NULL,NULL,NULL,1532518867,1532518867),('Administrasi',1,NULL,NULL,NULL,1532518876,1532518876),('Super Admin',1,NULL,NULL,NULL,1532518861,1532518861);
/*!40000 ALTER TABLE `auth_item` ENABLE KEYS */;
UNLOCK TABLES;

--
-- Table structure for table `auth_item_child`
--

DROP TABLE IF EXISTS `auth_item_child`;
/*!40101 SET @saved_cs_client     = @@character_set_client */;
/*!40101 SET character_set_client = utf8 */;
CREATE TABLE `auth_item_child` (
  `parent` varchar(64) COLLATE utf8_unicode_ci NOT NULL,
  `child` varchar(64) COLLATE utf8_unicode_ci NOT NULL,
  PRIMARY KEY (`parent`,`child`),
  KEY `child` (`child`),
  CONSTRAINT `auth_item_child_ibfk_1` FOREIGN KEY (`parent`) REFERENCES `auth_item` (`name`) ON DELETE CASCADE ON UPDATE CASCADE,
  CONSTRAINT `auth_item_child_ibfk_2` FOREIGN KEY (`child`) REFERENCES `auth_item` (`name`) ON DELETE CASCADE ON UPDATE CASCADE
) ENGINE=InnoDB DEFAULT CHARSET=utf8 COLLATE=utf8_unicode_ci;
/*!40101 SET character_set_client = @saved_cs_client */;

--
-- Dumping data for table `auth_item_child`
--

LOCK TABLES `auth_item_child` WRITE;
/*!40000 ALTER TABLE `auth_item_child` DISABLE KEYS */;
INSERT INTO `auth_item_child` VALUES ('Super Admin','/*'),('Super Admin','/debug/*'),('Super Admin','/debug/default/*'),('Super Admin','/debug/user/*'),('Super Admin','/gii/*'),('Super Admin','/gii/default/*'),('Super Admin','/gridview/*'),('Super Admin','/gridview/export/*'),('Super Admin','/jenjang/*'),('Super Admin','/kelas/*'),('Super Admin','/mimin/*'),('Super Admin','/mimin/role/*'),('Super Admin','/mimin/route/*'),('Super Admin','/pembayaran-pmb/*'),('Super Admin','/pembayaran-spi/*'),('Super Admin','/pembayaran-spp/*'),('Super Admin','/periode/*'),('Super Admin','/siswa/*'),('Super Admin','/site/*'),('Super Admin','/slip-pembayaran/*'),('Super Admin','/uraian/*'),('Super Admin','/users/*');
/*!40000 ALTER TABLE `auth_item_child` ENABLE KEYS */;
UNLOCK TABLES;

--
-- Table structure for table `auth_rule`
--

DROP TABLE IF EXISTS `auth_rule`;
/*!40101 SET @saved_cs_client     = @@character_set_client */;
/*!40101 SET character_set_client = utf8 */;
CREATE TABLE `auth_rule` (
  `name` varchar(64) COLLATE utf8_unicode_ci NOT NULL,
  `data` blob,
  `created_at` int(11) DEFAULT NULL,
  `updated_at` int(11) DEFAULT NULL,
  PRIMARY KEY (`name`)
) ENGINE=InnoDB DEFAULT CHARSET=utf8 COLLATE=utf8_unicode_ci;
/*!40101 SET character_set_client = @saved_cs_client */;

--
-- Dumping data for table `auth_rule`
--

LOCK TABLES `auth_rule` WRITE;
/*!40000 ALTER TABLE `auth_rule` DISABLE KEYS */;
/*!40000 ALTER TABLE `auth_rule` ENABLE KEYS */;
UNLOCK TABLES;

--
-- Table structure for table `bulan`
--

DROP TABLE IF EXISTS `bulan`;
/*!40101 SET @saved_cs_client     = @@character_set_client */;
/*!40101 SET character_set_client = utf8 */;
CREATE TABLE `bulan` (
  `id` int(11) NOT NULL AUTO_INCREMENT,
  `angka_bulan` int(1) NOT NULL,
  `nama_bulan` varchar(50) DEFAULT NULL,
  `created_at` timestamp NULL DEFAULT CURRENT_TIMESTAMP,
  `updated_at` timestamp NULL DEFAULT CURRENT_TIMESTAMP ON UPDATE CURRENT_TIMESTAMP,
  PRIMARY KEY (`id`)
) ENGINE=InnoDB AUTO_INCREMENT=13 DEFAULT CHARSET=latin1;
/*!40101 SET character_set_client = @saved_cs_client */;

--
-- Dumping data for table `bulan`
--

LOCK TABLES `bulan` WRITE;
/*!40000 ALTER TABLE `bulan` DISABLE KEYS */;
INSERT INTO `bulan` VALUES (1,1,'Januari','2017-09-15 13:16:58','2017-12-14 13:55:06'),(2,2,'Febuari','2017-09-15 13:17:13','2017-12-14 13:55:08'),(3,3,'Maret','2017-09-15 13:17:24','2017-12-14 13:55:11'),(4,4,'April','2017-09-15 13:17:31','2017-12-14 13:55:14'),(5,5,'Mei','2017-09-15 13:18:04','2017-12-14 13:55:16'),(6,6,'Juni','2017-09-15 13:18:09','2017-12-14 13:55:24'),(7,7,'Juli','2017-09-15 13:18:15','2017-12-14 13:55:26'),(8,8,'Agustus','2017-09-15 13:18:22','2017-12-14 13:55:27'),(9,9,'September','2017-09-15 13:18:29','2017-12-14 13:55:30'),(10,10,'Oktober','2017-09-15 13:18:35','2017-12-14 13:55:33'),(11,11,'November','2017-09-15 13:18:48','2017-12-14 13:55:36'),(12,12,'Desember','2017-09-15 13:19:01','2017-12-14 13:55:38');
/*!40000 ALTER TABLE `bulan` ENABLE KEYS */;
UNLOCK TABLES;

--
-- Table structure for table `jenis_slip`
--

DROP TABLE IF EXISTS `jenis_slip`;
/*!40101 SET @saved_cs_client     = @@character_set_client */;
/*!40101 SET character_set_client = utf8 */;
CREATE TABLE `jenis_slip` (
  `id` int(11) NOT NULL AUTO_INCREMENT,
  `nama_slip` varchar(150) DEFAULT NULL,
  `slug_slip` varchar(50) DEFAULT NULL,
  `created_at` timestamp NULL DEFAULT CURRENT_TIMESTAMP,
  `updated_at` timestamp NULL DEFAULT CURRENT_TIMESTAMP ON UPDATE CURRENT_TIMESTAMP,
  PRIMARY KEY (`id`)
) ENGINE=InnoDB AUTO_INCREMENT=5 DEFAULT CHARSET=latin1;
/*!40101 SET character_set_client = @saved_cs_client */;

--
-- Dumping data for table `jenis_slip`
--

LOCK TABLES `jenis_slip` WRITE;
/*!40000 ALTER TABLE `jenis_slip` DISABLE KEYS */;
INSERT INTO `jenis_slip` VALUES (1,'Slip Spp','spp','2017-12-11 08:30:29','2017-12-18 12:26:35'),(2,'Slip PMB','pmb','2017-12-11 08:30:42','2017-12-18 12:26:39'),(3,'Slip SPI','spi','2017-12-11 08:30:51','2017-12-18 12:26:42'),(4,'Slip Potongan SPI','spi-potongan','2018-03-09 15:17:38','2018-03-09 15:19:19');
/*!40000 ALTER TABLE `jenis_slip` ENABLE KEYS */;
UNLOCK TABLES;

--
-- Table structure for table `jenjang`
--

DROP TABLE IF EXISTS `jenjang`;
/*!40101 SET @saved_cs_client     = @@character_set_client */;
/*!40101 SET character_set_client = utf8 */;
CREATE TABLE `jenjang` (
  `id` int(11) NOT NULL AUTO_INCREMENT,
  `nama_jenjang` varchar(50) DEFAULT NULL,
  `jenjang` varchar(50) DEFAULT NULL,
  `urutan_jenjang` varchar(5) DEFAULT NULL,
  `alamat` varchar(250) DEFAULT NULL,
  `no_hp` varchar(25) DEFAULT NULL,
  `created_at` timestamp NULL DEFAULT CURRENT_TIMESTAMP,
  `updated_at` timestamp NULL DEFAULT CURRENT_TIMESTAMP ON UPDATE CURRENT_TIMESTAMP,
  PRIMARY KEY (`id`)
) ENGINE=InnoDB AUTO_INCREMENT=4 DEFAULT CHARSET=latin1;
/*!40101 SET character_set_client = @saved_cs_client */;

--
-- Dumping data for table `jenjang`
--

LOCK TABLES `jenjang` WRITE;
/*!40000 ALTER TABLE `jenjang` DISABLE KEYS */;
INSERT INTO `jenjang` VALUES (1,'Kelompok Bermain','KB','KB','Jl. Taman Sendangsari III No. 4 Semarang','(024) 76413004','2017-09-24 08:44:32','2018-07-26 01:45:19'),(2,'Taman Kanak - Kanak','TK','A-B','Jl. Taman Sendangsari III No. 4 Semarang','(024) 76413004','2017-09-15 13:19:52','2018-07-26 01:45:15'),(3,'Sekolah Dasar','SD','1-6','Jl. Supriyadi No 11 Semarang','(024) 76744141','2017-09-15 13:20:01','2018-07-26 01:45:11');
/*!40000 ALTER TABLE `jenjang` ENABLE KEYS */;
UNLOCK TABLES;

--
-- Table structure for table `jumlah_pembayaran_spp`
--

DROP TABLE IF EXISTS `jumlah_pembayaran_spp`;
/*!40101 SET @saved_cs_client     = @@character_set_client */;
/*!40101 SET character_set_client = utf8 */;
CREATE TABLE `jumlah_pembayaran_spp` (
  `id` int(11) NOT NULL AUTO_INCREMENT,
  `potongan` int(11) DEFAULT NULL,
  `jumlah_pembayaran` int(11) DEFAULT NULL,
  `periode_id` int(11) DEFAULT NULL,
  `siswa_id` int(11) DEFAULT NULL,
  `bulan_id` int(11) DEFAULT NULL,
  `users_id` int(10) unsigned DEFAULT NULL,
  `created_at` timestamp NULL DEFAULT CURRENT_TIMESTAMP,
  `updated_at` timestamp NULL DEFAULT CURRENT_TIMESTAMP ON UPDATE CURRENT_TIMESTAMP,
  PRIMARY KEY (`id`),
  KEY `FK_jumlah_pembayaran_spp_siswa` (`siswa_id`),
  KEY `FK_jumlah_pembayaran_spp_bulan` (`bulan_id`),
  KEY `FK_jumlah_pembayaran_spp_periode` (`periode_id`),
  KEY `FK_jumlah_pembayaran_spp_users` (`users_id`),
  CONSTRAINT `FK_jumlah_pembayaran_spp_bulan` FOREIGN KEY (`bulan_id`) REFERENCES `bulan` (`id`) ON DELETE CASCADE ON UPDATE CASCADE,
  CONSTRAINT `FK_jumlah_pembayaran_spp_periode` FOREIGN KEY (`periode_id`) REFERENCES `periode` (`id`) ON DELETE CASCADE ON UPDATE CASCADE,
  CONSTRAINT `FK_jumlah_pembayaran_spp_siswa` FOREIGN KEY (`siswa_id`) REFERENCES `siswa` (`id`) ON DELETE CASCADE ON UPDATE CASCADE,
  CONSTRAINT `FK_jumlah_pembayaran_spp_users` FOREIGN KEY (`users_id`) REFERENCES `users` (`id`) ON DELETE CASCADE ON UPDATE CASCADE
) ENGINE=InnoDB DEFAULT CHARSET=latin1;
/*!40101 SET character_set_client = @saved_cs_client */;

--
-- Dumping data for table `jumlah_pembayaran_spp`
--

LOCK TABLES `jumlah_pembayaran_spp` WRITE;
/*!40000 ALTER TABLE `jumlah_pembayaran_spp` DISABLE KEYS */;
/*!40000 ALTER TABLE `jumlah_pembayaran_spp` ENABLE KEYS */;
UNLOCK TABLES;

--
-- Table structure for table `jumlah_potongan`
--

DROP TABLE IF EXISTS `jumlah_potongan`;
/*!40101 SET @saved_cs_client     = @@character_set_client */;
/*!40101 SET character_set_client = utf8 */;
CREATE TABLE `jumlah_potongan` (
  `id` int(11) NOT NULL AUTO_INCREMENT,
  `jumlah_potongan` varchar(50) NOT NULL,
  `periode_id` int(11) DEFAULT NULL,
  `siswa_id` int(11) DEFAULT NULL,
  `users_id` int(10) unsigned DEFAULT NULL,
  `created_at` timestamp NOT NULL DEFAULT CURRENT_TIMESTAMP,
  `updated_at` timestamp NOT NULL DEFAULT CURRENT_TIMESTAMP ON UPDATE CURRENT_TIMESTAMP,
  PRIMARY KEY (`id`),
  KEY `FK_jumlah_potongan_periode` (`periode_id`),
  KEY `FK_jumlah_potongan_siswa` (`siswa_id`),
  KEY `FK_jumlah_potongan_users` (`users_id`),
  CONSTRAINT `FK_jumlah_potongan_periode` FOREIGN KEY (`periode_id`) REFERENCES `periode` (`id`) ON UPDATE CASCADE,
  CONSTRAINT `FK_jumlah_potongan_siswa` FOREIGN KEY (`siswa_id`) REFERENCES `siswa` (`id`) ON UPDATE CASCADE,
  CONSTRAINT `FK_jumlah_potongan_users` FOREIGN KEY (`users_id`) REFERENCES `users` (`id`) ON UPDATE CASCADE
) ENGINE=InnoDB DEFAULT CHARSET=latin1;
/*!40101 SET character_set_client = @saved_cs_client */;

--
-- Dumping data for table `jumlah_potongan`
--

LOCK TABLES `jumlah_potongan` WRITE;
/*!40000 ALTER TABLE `jumlah_potongan` DISABLE KEYS */;
/*!40000 ALTER TABLE `jumlah_potongan` ENABLE KEYS */;
UNLOCK TABLES;

--
-- Table structure for table `kegiatan`
--

DROP TABLE IF EXISTS `kegiatan`;
/*!40101 SET @saved_cs_client     = @@character_set_client */;
/*!40101 SET character_set_client = utf8 */;
CREATE TABLE `kegiatan` (
  `id` int(11) NOT NULL AUTO_INCREMENT,
  `id_jenjang` int(11) DEFAULT NULL,
  `nama_kegiatan` varchar(100) DEFAULT NULL,
  `id_kegiatan` int(11) DEFAULT NULL,
  `created_at` timestamp NULL DEFAULT CURRENT_TIMESTAMP,
  `updated_at` timestamp NULL DEFAULT CURRENT_TIMESTAMP ON UPDATE CURRENT_TIMESTAMP,
  PRIMARY KEY (`id`),
  KEY `FK_kegiatan_kegiatan` (`id_kegiatan`),
  KEY `FK_kegiatan_jenjang` (`id_jenjang`),
  CONSTRAINT `FK_kegiatan_jenjang` FOREIGN KEY (`id_jenjang`) REFERENCES `jenjang` (`id`) ON UPDATE CASCADE,
  CONSTRAINT `FK_kegiatan_kegiatan` FOREIGN KEY (`id_kegiatan`) REFERENCES `kegiatan` (`id`) ON UPDATE CASCADE
) ENGINE=InnoDB AUTO_INCREMENT=57 DEFAULT CHARSET=latin1;
/*!40101 SET character_set_client = @saved_cs_client */;

--
-- Dumping data for table `kegiatan`
--

LOCK TABLES `kegiatan` WRITE;
/*!40000 ALTER TABLE `kegiatan` DISABLE KEYS */;
INSERT INTO `kegiatan` VALUES (1,3,'Biaya Pendidikan',NULL,'2017-09-15 13:21:26','2017-10-27 00:24:09'),(2,3,'UPP',1,'2017-09-15 13:22:23','2017-10-27 00:24:14'),(3,3,'Tabungan',1,'2017-09-15 13:24:21','2017-10-27 00:24:19'),(4,3,'Lassy',1,'2017-09-15 13:24:40','2017-10-27 00:24:24'),(5,3,'Pendaftaran Lassy',4,'2017-09-15 13:24:57','2017-10-27 00:24:29'),(6,3,'Biaya Bulanan Lassy',4,'2017-09-29 12:35:08','2017-10-27 00:24:35'),(7,3,'Sempoa',1,'2017-09-29 12:35:21','2017-10-27 00:24:41'),(8,3,'Pendaftaran Sempoa',7,'2017-09-29 12:35:50','2017-10-27 00:24:45'),(9,3,'Modul Sempoa',7,'2017-09-29 12:36:28','2017-10-27 00:24:49'),(10,3,'Biaya Bulanan Sempoa',7,'2017-09-29 12:36:55','2017-10-27 00:24:52'),(21,3,'data TK',NULL,'2017-10-22 07:18:20','2017-10-27 00:24:56'),(36,2,'Biaya SPP',NULL,'2017-10-31 01:55:15','2017-10-31 01:55:15'),(37,NULL,'UPP',36,'2017-10-31 01:57:16','2017-10-31 01:57:16'),(38,NULL,'Tabungan',36,'2017-10-31 01:57:31','2017-10-31 01:57:31'),(39,NULL,'Ekstra',36,'2017-10-31 01:58:30','2017-10-31 01:58:30'),(40,NULL,'Sempoa',36,'2017-10-31 01:58:40','2017-10-31 01:58:40'),(41,NULL,'Pendaftaran Sempoa',40,'2017-10-31 01:58:54','2017-10-31 01:58:54'),(42,NULL,'Module Sempoa',40,'2017-10-31 01:59:08','2017-10-31 01:59:08'),(43,NULL,'Bea Bulanan',40,'2017-10-31 01:59:20','2017-10-31 01:59:20'),(50,3,'biaya sub pendidikan',1,'2017-11-05 11:56:50','2017-11-05 11:56:50'),(51,NULL,'Penambahan meja sd',NULL,'2017-11-05 12:04:40','2017-11-05 12:04:40'),(52,NULL,'Penambahan kursi sd',NULL,'2017-11-05 12:04:52','2017-11-05 12:04:52'),(54,NULL,'tambah 20 meja',51,'2017-11-05 12:05:18','2017-11-05 12:05:18'),(55,NULL,'tambah 20 kursi',52,'2017-11-05 12:05:28','2017-11-05 12:05:28'),(56,NULL,'sholat berjamaah',NULL,'2017-11-26 08:25:05','2017-11-26 08:25:05');
/*!40000 ALTER TABLE `kegiatan` ENABLE KEYS */;
UNLOCK TABLES;

--
-- Table structure for table `kelas`
--

DROP TABLE IF EXISTS `kelas`;
/*!40101 SET @saved_cs_client     = @@character_set_client */;
/*!40101 SET character_set_client = utf8 */;
CREATE TABLE `kelas` (
  `id` int(11) NOT NULL AUTO_INCREMENT,
  `periode_id` int(11) DEFAULT NULL,
  `kelas` char(5) DEFAULT NULL,
  `ruang` char(5) DEFAULT NULL,
  `created_at` timestamp NULL DEFAULT CURRENT_TIMESTAMP,
  `updated_at` timestamp NULL DEFAULT CURRENT_TIMESTAMP ON UPDATE CURRENT_TIMESTAMP,
  `jenjang_id` int(11) DEFAULT NULL,
  PRIMARY KEY (`id`),
  KEY `FK_kelas_periode` (`periode_id`),
  KEY `FK_kelas_jenjang` (`jenjang_id`),
  CONSTRAINT `FK_kelas_jenjang` FOREIGN KEY (`jenjang_id`) REFERENCES `jenjang` (`id`) ON UPDATE CASCADE,
  CONSTRAINT `FK_kelas_periode` FOREIGN KEY (`periode_id`) REFERENCES `periode` (`id`) ON UPDATE CASCADE
) ENGINE=InnoDB AUTO_INCREMENT=67 DEFAULT CHARSET=latin1;
/*!40101 SET character_set_client = @saved_cs_client */;

--
-- Dumping data for table `kelas`
--

LOCK TABLES `kelas` WRITE;
/*!40000 ALTER TABLE `kelas` DISABLE KEYS */;
INSERT INTO `kelas` VALUES (29,2,'A','1','2018-01-12 03:23:05','2018-01-12 03:23:05',2),(30,2,'A','2','2018-01-12 03:23:08','2018-01-12 03:23:08',2),(31,2,'A','3','2018-01-12 03:23:11','2018-01-12 03:23:11',2),(32,2,'A','4','2018-01-12 03:23:13','2018-01-12 03:23:13',2),(33,2,'B','1','2018-01-12 03:23:20','2018-01-12 03:23:20',2),(34,2,'B','2','2018-01-12 03:23:28','2018-01-12 03:23:28',2),(35,2,'KB','KB','2018-01-12 04:21:14','2018-01-12 04:21:14',1),(36,2,'1','A','2018-01-12 12:00:39','2018-01-12 12:00:39',3),(37,2,'1','B','2018-01-12 12:00:42','2018-01-12 12:00:42',3),(38,2,'1','C','2018-01-12 12:00:45','2018-01-12 12:00:45',3),(39,2,'1','D','2018-01-12 12:00:47','2018-01-12 12:00:47',3),(40,2,'2','A','2018-01-14 02:06:25','2018-01-14 02:06:25',3),(41,2,'2','B','2018-01-14 02:06:43','2018-01-14 02:06:43',3),(42,2,'2','C','2018-01-14 02:34:24','2018-01-14 02:34:24',3),(43,2,'2','D','2018-01-14 02:37:47','2018-01-14 02:37:47',3),(44,2,'3','A','2018-01-14 02:38:23','2018-01-14 02:38:23',3),(45,2,'3','B','2018-01-14 02:38:27','2018-01-14 02:38:27',3),(46,2,'3','C','2018-01-14 02:38:30','2018-01-14 02:38:30',3),(47,2,'3','D','2018-01-14 02:38:33','2018-01-14 02:38:33',3),(48,2,'4','A','2018-01-14 04:21:02','2018-01-14 04:21:02',3),(49,2,'4','B','2018-01-14 04:21:08','2018-01-14 04:21:08',3),(50,2,'5','A','2018-01-14 04:22:05','2018-01-14 04:22:05',3),(51,2,'5','B','2018-01-14 04:22:08','2018-01-14 04:22:08',3),(52,2,'6','A','2018-01-14 04:23:11','2018-01-14 04:23:11',3),(53,2,'6','B','2018-01-14 04:23:15','2018-01-14 04:23:15',3),(54,2,'6','C','2018-01-14 04:23:19','2018-01-14 04:23:19',3),(55,3,'1','A','2018-02-15 03:58:27','2018-02-15 03:58:27',3),(56,3,'1','B','2018-02-15 04:02:00','2018-02-15 04:02:00',3),(57,3,'1','C','2018-02-15 04:02:32','2018-02-15 04:02:32',3),(58,3,'1','D','2018-02-15 04:02:39','2018-02-15 04:02:39',3),(59,3,'2','A','2018-02-15 04:02:46','2018-02-15 04:02:46',3),(60,3,'2','B','2018-02-15 04:02:52','2018-02-15 04:02:52',3),(61,3,'2','C','2018-02-15 04:02:58','2018-02-15 04:02:58',3),(62,3,'2','D','2018-02-15 04:03:06','2018-02-15 04:03:06',3),(63,3,'3','A','2018-02-15 04:03:16','2018-02-15 04:03:16',3),(64,3,'3','B','2018-02-15 04:03:29','2018-02-15 04:03:29',3),(65,3,'3','C','2018-02-15 04:03:54','2018-02-15 04:03:54',3),(66,3,'3','D','2018-02-15 04:04:01','2018-02-15 04:04:01',3);
/*!40000 ALTER TABLE `kelas` ENABLE KEYS */;
UNLOCK TABLES;

--
-- Table structure for table `kelas_siswa`
--

DROP TABLE IF EXISTS `kelas_siswa`;
/*!40101 SET @saved_cs_client     = @@character_set_client */;
/*!40101 SET character_set_client = utf8 */;
CREATE TABLE `kelas_siswa` (
  `id` int(11) NOT NULL AUTO_INCREMENT,
  `kelas_id` int(11) DEFAULT NULL,
  `siswa_id` int(11) DEFAULT NULL,
  `created_at` timestamp NOT NULL DEFAULT CURRENT_TIMESTAMP,
  `updated_at` timestamp NOT NULL DEFAULT CURRENT_TIMESTAMP ON UPDATE CURRENT_TIMESTAMP,
  PRIMARY KEY (`id`),
  KEY `FK_kelas_siswa_siswa` (`siswa_id`),
  KEY `FK_kelas_siswa_kelas` (`kelas_id`),
  CONSTRAINT `FK_kelas_siswa_kelas` FOREIGN KEY (`kelas_id`) REFERENCES `kelas` (`id`) ON DELETE CASCADE ON UPDATE CASCADE,
  CONSTRAINT `FK_kelas_siswa_siswa` FOREIGN KEY (`siswa_id`) REFERENCES `siswa` (`id`) ON UPDATE CASCADE
) ENGINE=InnoDB AUTO_INCREMENT=964 DEFAULT CHARSET=latin1;
/*!40101 SET character_set_client = @saved_cs_client */;

--
-- Dumping data for table `kelas_siswa`
--

LOCK TABLES `kelas_siswa` WRITE;
/*!40000 ALTER TABLE `kelas_siswa` DISABLE KEYS */;
INSERT INTO `kelas_siswa` VALUES (55,29,92,'2018-01-12 03:24:38','2018-01-12 03:24:38'),(59,29,96,'2018-01-12 03:24:38','2018-01-12 03:24:38'),(60,29,97,'2018-01-12 03:24:38','2018-01-12 03:24:38'),(61,29,98,'2018-01-12 03:24:38','2018-01-12 03:24:38'),(62,29,99,'2018-01-12 03:24:38','2018-01-12 03:24:38'),(63,29,100,'2018-01-12 03:24:38','2018-01-12 03:24:38'),(64,29,101,'2018-01-12 03:24:38','2018-01-12 03:24:38'),(65,29,102,'2018-01-12 03:24:38','2018-01-12 03:24:38'),(66,29,103,'2018-01-12 03:24:38','2018-01-12 03:24:38'),(67,29,104,'2018-01-12 03:24:38','2018-01-12 03:24:38'),(68,29,105,'2018-01-12 03:24:38','2018-01-12 03:24:38'),(69,29,106,'2018-01-12 03:24:38','2018-01-12 03:24:38'),(70,29,107,'2018-01-12 03:24:38','2018-01-12 03:24:38'),(71,29,108,'2018-01-12 03:24:38','2018-01-12 03:24:38'),(72,30,109,'2018-01-12 03:34:44','2018-01-12 03:34:44'),(73,30,110,'2018-01-12 03:34:44','2018-01-12 03:34:44'),(74,30,111,'2018-01-12 03:34:44','2018-01-12 03:34:44'),(75,30,112,'2018-01-12 03:34:44','2018-01-12 03:34:44'),(76,30,113,'2018-01-12 03:34:44','2018-01-12 03:34:44'),(77,30,114,'2018-01-12 03:34:44','2018-01-12 03:34:44'),(78,30,115,'2018-01-12 03:34:44','2018-01-12 03:34:44'),(79,30,116,'2018-01-12 03:34:44','2018-01-12 03:34:44'),(80,30,117,'2018-01-12 03:34:44','2018-01-12 03:34:44'),(81,30,118,'2018-01-12 03:34:44','2018-01-12 03:34:44'),(82,30,119,'2018-01-12 03:34:44','2018-01-12 03:34:44'),(83,30,120,'2018-01-12 03:34:44','2018-01-12 03:34:44'),(84,30,121,'2018-01-12 03:34:44','2018-01-12 03:34:44'),(85,30,122,'2018-01-12 03:34:44','2018-01-12 03:34:44'),(86,30,123,'2018-01-12 03:34:44','2018-01-12 03:34:44'),(87,30,124,'2018-01-12 03:34:44','2018-01-12 03:34:44'),(88,31,125,'2018-01-12 03:42:55','2018-01-12 03:42:55'),(89,31,126,'2018-01-12 03:42:55','2018-01-12 03:42:55'),(90,31,127,'2018-01-12 03:42:55','2018-01-12 03:42:55'),(91,31,128,'2018-01-12 03:42:55','2018-01-12 03:42:55'),(92,31,129,'2018-01-12 03:42:55','2018-01-12 03:42:55'),(93,31,130,'2018-01-12 03:42:55','2018-01-12 03:42:55'),(94,31,131,'2018-01-12 03:42:55','2018-01-12 03:42:55'),(95,31,132,'2018-01-12 03:42:55','2018-01-12 03:42:55'),(96,31,133,'2018-01-12 03:42:55','2018-01-12 03:42:55'),(97,31,134,'2018-01-12 03:42:55','2018-01-12 03:42:55'),(98,31,135,'2018-01-12 03:42:55','2018-01-12 03:42:55'),(99,31,136,'2018-01-12 03:42:55','2018-01-12 03:42:55'),(100,31,137,'2018-01-12 03:42:55','2018-01-12 03:42:55'),(101,31,138,'2018-01-12 03:42:55','2018-01-12 03:42:55'),(102,31,139,'2018-01-12 03:42:55','2018-01-12 03:42:55'),(103,31,140,'2018-01-12 03:42:55','2018-01-12 03:42:55'),(104,32,141,'2018-01-12 03:59:25','2018-01-12 03:59:25'),(105,32,142,'2018-01-12 03:59:25','2018-01-12 03:59:25'),(106,32,143,'2018-01-12 03:59:25','2018-01-12 03:59:25'),(107,32,144,'2018-01-12 03:59:25','2018-01-12 03:59:25'),(108,32,145,'2018-01-12 03:59:25','2018-01-12 03:59:25'),(109,32,146,'2018-01-12 03:59:25','2018-01-12 03:59:25'),(110,32,147,'2018-01-12 03:59:25','2018-01-12 03:59:25'),(111,32,148,'2018-01-12 03:59:25','2018-01-12 03:59:25'),(112,32,149,'2018-01-12 03:59:25','2018-01-12 03:59:25'),(113,32,150,'2018-01-12 03:59:25','2018-01-12 03:59:25'),(114,32,151,'2018-01-12 03:59:25','2018-01-12 03:59:25'),(115,32,152,'2018-01-12 03:59:25','2018-01-12 03:59:25'),(116,32,153,'2018-01-12 03:59:25','2018-01-12 03:59:25'),(117,32,154,'2018-01-12 03:59:25','2018-01-12 03:59:25'),(118,32,155,'2018-01-12 03:59:25','2018-01-12 03:59:25'),(119,32,156,'2018-01-12 03:59:25','2018-01-12 03:59:25'),(120,33,157,'2018-01-12 04:11:23','2018-01-12 04:11:23'),(121,33,158,'2018-01-12 04:11:23','2018-01-12 04:11:23'),(122,33,159,'2018-01-12 04:11:23','2018-01-12 04:11:23'),(123,33,160,'2018-01-12 04:11:23','2018-01-12 04:11:23'),(124,33,161,'2018-01-12 04:11:23','2018-01-12 04:11:23'),(125,33,162,'2018-01-12 04:11:23','2018-01-12 04:11:23'),(126,33,163,'2018-01-12 04:11:23','2018-01-12 04:11:23'),(127,33,164,'2018-01-12 04:11:23','2018-01-12 04:11:23'),(128,33,165,'2018-01-12 04:11:23','2018-01-12 04:11:23'),(129,33,166,'2018-01-12 04:11:23','2018-01-12 04:11:23'),(130,33,167,'2018-01-12 04:11:23','2018-01-12 04:11:23'),(131,33,168,'2018-01-12 04:11:23','2018-01-12 04:11:23'),(132,33,169,'2018-01-12 04:11:23','2018-01-12 04:11:23'),(133,33,170,'2018-01-12 04:11:23','2018-01-12 04:11:23'),(134,33,171,'2018-01-12 04:11:23','2018-01-12 04:11:23'),(135,33,172,'2018-01-12 04:11:23','2018-01-12 04:11:23'),(136,33,173,'2018-01-12 04:11:23','2018-01-12 04:11:23'),(137,33,174,'2018-01-12 04:11:23','2018-01-12 04:11:23'),(138,33,175,'2018-01-12 04:11:23','2018-01-12 04:11:23'),(139,33,176,'2018-01-12 04:11:23','2018-01-12 04:11:23'),(140,34,177,'2018-01-12 04:16:02','2018-01-12 04:16:02'),(141,34,178,'2018-01-12 04:16:02','2018-01-12 04:16:02'),(142,34,179,'2018-01-12 04:16:02','2018-01-12 04:16:02'),(143,34,180,'2018-01-12 04:16:02','2018-01-12 04:16:02'),(144,34,181,'2018-01-12 04:16:02','2018-01-12 04:16:02'),(145,34,182,'2018-01-12 04:16:02','2018-01-12 04:16:02'),(146,34,183,'2018-01-12 04:16:02','2018-01-12 04:16:02'),(147,34,184,'2018-01-12 04:16:02','2018-01-12 04:16:02'),(148,34,185,'2018-01-12 04:16:02','2018-01-12 04:16:02'),(149,34,186,'2018-01-12 04:16:02','2018-01-12 04:16:02'),(150,34,187,'2018-01-12 04:16:02','2018-01-12 04:16:02'),(151,34,188,'2018-01-12 04:16:02','2018-01-12 04:16:02'),(152,34,189,'2018-01-12 04:16:02','2018-01-12 04:16:02'),(153,34,190,'2018-01-12 04:16:02','2018-01-12 04:16:02'),(154,34,191,'2018-01-12 04:16:02','2018-01-12 04:16:02'),(155,34,192,'2018-01-12 04:16:02','2018-01-12 04:16:02'),(156,34,193,'2018-01-12 04:16:02','2018-01-12 04:16:02'),(157,34,194,'2018-01-12 04:16:02','2018-01-12 04:16:02'),(158,34,195,'2018-01-12 04:16:02','2018-01-12 04:16:02'),(159,34,196,'2018-01-12 04:16:02','2018-01-12 04:16:02'),(160,35,197,'2018-01-12 04:21:47','2018-01-12 04:21:47'),(161,35,198,'2018-01-12 04:21:47','2018-01-12 04:21:47'),(162,35,199,'2018-01-12 04:21:47','2018-01-12 04:21:47'),(163,35,200,'2018-01-12 04:21:47','2018-01-12 04:21:47'),(164,35,201,'2018-01-12 04:21:47','2018-01-12 04:21:47'),(165,35,202,'2018-01-12 04:21:47','2018-01-12 04:21:47'),(166,35,203,'2018-01-12 04:21:47','2018-01-12 04:21:47'),(167,35,204,'2018-01-12 04:21:47','2018-01-12 04:21:47'),(168,35,205,'2018-01-12 04:21:47','2018-01-12 04:21:47'),(169,35,206,'2018-01-12 04:21:47','2018-01-12 04:21:47'),(170,35,207,'2018-01-12 04:21:47','2018-01-12 04:21:47'),(171,35,208,'2018-01-12 04:21:47','2018-01-12 04:21:47'),(172,35,209,'2018-01-12 04:21:47','2018-01-12 04:21:47'),(173,35,210,'2018-01-12 04:21:47','2018-01-12 04:21:47'),(174,35,211,'2018-01-12 04:21:47','2018-01-12 04:21:47'),(175,35,212,'2018-01-12 04:21:47','2018-01-12 04:21:47'),(176,35,213,'2018-01-12 04:21:47','2018-01-12 04:21:47'),(177,35,214,'2018-01-12 04:21:47','2018-01-12 04:21:47'),(178,35,215,'2018-01-12 04:21:47','2018-01-12 04:21:47'),(179,35,216,'2018-01-12 04:21:47','2018-01-12 04:21:47'),(180,35,217,'2018-01-12 04:21:47','2018-01-12 04:21:47'),(181,35,218,'2018-01-12 04:21:47','2018-01-12 04:21:47'),(182,35,219,'2018-01-12 04:21:47','2018-01-12 04:21:47'),(183,35,220,'2018-01-12 04:21:47','2018-01-12 04:21:47'),(184,35,221,'2018-01-12 04:21:47','2018-01-12 04:21:47'),(185,35,222,'2018-01-12 04:21:47','2018-01-12 04:21:47'),(186,35,223,'2018-01-12 04:21:47','2018-01-12 04:21:47'),(187,36,224,'2018-01-12 12:01:27','2018-01-12 12:01:27'),(188,36,225,'2018-01-12 12:01:27','2018-01-12 12:01:27'),(189,36,226,'2018-01-12 12:01:27','2018-01-12 12:01:27'),(190,36,227,'2018-01-12 12:01:27','2018-01-12 12:01:27'),(191,36,228,'2018-01-12 12:01:27','2018-01-12 12:01:27'),(192,36,229,'2018-01-12 12:01:27','2018-01-12 12:01:27'),(193,36,230,'2018-01-12 12:01:27','2018-01-12 12:01:27'),(194,36,231,'2018-01-12 12:01:27','2018-01-12 12:01:27'),(195,36,232,'2018-01-12 12:01:27','2018-01-12 12:01:27'),(196,36,233,'2018-01-12 12:01:27','2018-01-12 12:01:27'),(197,36,234,'2018-01-12 12:01:27','2018-01-12 12:01:27'),(198,36,235,'2018-01-12 12:01:27','2018-01-12 12:01:27'),(199,36,236,'2018-01-12 12:01:27','2018-01-12 12:01:27'),(200,36,237,'2018-01-12 12:01:27','2018-01-12 12:01:27'),(201,36,238,'2018-01-12 12:01:27','2018-01-12 12:01:27'),(202,36,239,'2018-01-12 12:01:27','2018-01-12 12:01:27'),(203,36,240,'2018-01-12 12:01:27','2018-01-12 12:01:27'),(204,36,241,'2018-01-12 12:01:27','2018-01-12 12:01:27'),(205,36,242,'2018-01-12 12:01:27','2018-01-12 12:01:27'),(206,36,243,'2018-01-12 12:01:27','2018-01-12 12:01:27'),(207,36,244,'2018-01-12 12:01:27','2018-01-12 12:01:27'),(208,36,245,'2018-01-12 12:01:27','2018-01-12 12:01:27'),(209,36,246,'2018-01-12 12:01:27','2018-01-12 12:01:27'),(210,36,247,'2018-01-12 12:01:27','2018-01-12 12:01:27'),(211,36,248,'2018-01-12 12:01:27','2018-01-12 12:01:27'),(212,36,249,'2018-01-12 12:01:27','2018-01-12 12:01:27'),(213,36,250,'2018-01-12 12:01:27','2018-01-12 12:01:27'),(214,36,251,'2018-01-12 12:01:27','2018-01-12 12:01:27'),(215,36,252,'2018-01-12 12:01:27','2018-01-12 12:01:27'),(216,36,253,'2018-01-12 12:01:27','2018-01-12 12:01:27'),(217,36,254,'2018-01-12 12:01:27','2018-01-12 12:01:27'),(218,36,255,'2018-01-12 12:01:27','2018-01-12 12:01:27'),(219,37,256,'2018-01-12 12:05:00','2018-01-12 12:05:00'),(220,37,257,'2018-01-12 12:05:00','2018-01-12 12:05:00'),(221,37,258,'2018-01-12 12:05:00','2018-01-12 12:05:00'),(222,37,259,'2018-01-12 12:05:00','2018-01-12 12:05:00'),(223,37,260,'2018-01-12 12:05:00','2018-01-12 12:05:00'),(224,37,261,'2018-01-12 12:05:00','2018-01-12 12:05:00'),(225,37,262,'2018-01-12 12:05:00','2018-01-12 12:05:00'),(226,37,263,'2018-01-12 12:05:00','2018-01-12 12:05:00'),(227,37,264,'2018-01-12 12:05:00','2018-01-12 12:05:00'),(228,37,265,'2018-01-12 12:05:00','2018-01-12 12:05:00'),(229,37,266,'2018-01-12 12:05:00','2018-01-12 12:05:00'),(230,37,267,'2018-01-12 12:05:00','2018-01-12 12:05:00'),(231,37,268,'2018-01-12 12:05:00','2018-01-12 12:05:00'),(232,37,269,'2018-01-12 12:05:00','2018-01-12 12:05:00'),(233,37,270,'2018-01-12 12:05:00','2018-01-12 12:05:00'),(234,37,271,'2018-01-12 12:05:00','2018-01-12 12:05:00'),(235,37,272,'2018-01-12 12:05:00','2018-01-12 12:05:00'),(236,37,273,'2018-01-12 12:05:00','2018-01-12 12:05:00'),(237,37,274,'2018-01-12 12:05:00','2018-01-12 12:05:00'),(238,37,275,'2018-01-12 12:05:00','2018-01-12 12:05:00'),(239,37,276,'2018-01-12 12:05:00','2018-01-12 12:05:00'),(240,37,277,'2018-01-12 12:05:00','2018-01-12 12:05:00'),(241,37,278,'2018-01-12 12:05:00','2018-01-12 12:05:00'),(242,37,279,'2018-01-12 12:05:00','2018-01-12 12:05:00'),(243,37,280,'2018-01-12 12:05:00','2018-01-12 12:05:00'),(244,37,281,'2018-01-12 12:05:00','2018-01-12 12:05:00'),(245,37,282,'2018-01-12 12:05:00','2018-01-12 12:05:00'),(246,37,283,'2018-01-12 12:05:00','2018-01-12 12:05:00'),(247,37,284,'2018-01-12 12:05:00','2018-01-12 12:05:00'),(248,37,285,'2018-01-12 12:05:00','2018-01-12 12:05:00'),(249,37,286,'2018-01-12 12:05:00','2018-01-12 12:05:00'),(250,37,287,'2018-01-12 12:05:00','2018-01-12 12:05:00'),(251,37,288,'2018-01-12 12:05:00','2018-01-12 12:05:00'),(252,37,289,'2018-01-12 12:05:00','2018-01-12 12:05:00'),(253,38,290,'2018-01-12 12:08:24','2018-01-12 12:08:24'),(254,38,291,'2018-01-12 12:08:24','2018-01-12 12:08:24'),(255,38,292,'2018-01-12 12:08:24','2018-01-12 12:08:24'),(256,38,293,'2018-01-12 12:08:24','2018-01-12 12:08:24'),(257,38,294,'2018-01-12 12:08:24','2018-01-12 12:08:24'),(258,38,295,'2018-01-12 12:08:24','2018-01-12 12:08:24'),(259,38,296,'2018-01-12 12:08:24','2018-01-12 12:08:24'),(260,38,297,'2018-01-12 12:08:24','2018-01-12 12:08:24'),(261,38,298,'2018-01-12 12:08:24','2018-01-12 12:08:24'),(262,38,299,'2018-01-12 12:08:24','2018-01-12 12:08:24'),(263,38,300,'2018-01-12 12:08:24','2018-01-12 12:08:24'),(264,38,301,'2018-01-12 12:08:24','2018-01-12 12:08:24'),(265,38,302,'2018-01-12 12:08:24','2018-01-12 12:08:24'),(266,38,303,'2018-01-12 12:08:24','2018-01-12 12:08:24'),(267,38,304,'2018-01-12 12:08:24','2018-01-12 12:08:24'),(268,38,305,'2018-01-12 12:08:24','2018-01-12 12:08:24'),(269,38,306,'2018-01-12 12:08:24','2018-01-12 12:08:24'),(270,38,307,'2018-01-12 12:08:24','2018-01-12 12:08:24'),(271,38,308,'2018-01-12 12:08:24','2018-01-12 12:08:24'),(272,38,309,'2018-01-12 12:08:24','2018-01-12 12:08:24'),(273,38,310,'2018-01-12 12:08:24','2018-01-12 12:08:24'),(274,38,311,'2018-01-12 12:08:24','2018-01-12 12:08:24'),(275,38,312,'2018-01-12 12:08:24','2018-01-12 12:08:24'),(276,38,313,'2018-01-12 12:08:24','2018-01-12 12:08:24'),(277,38,314,'2018-01-12 12:08:24','2018-01-12 12:08:24'),(278,38,315,'2018-01-12 12:08:24','2018-01-12 12:08:24'),(279,38,316,'2018-01-12 12:08:24','2018-01-12 12:08:24'),(280,38,317,'2018-01-12 12:08:24','2018-01-12 12:08:24'),(281,38,318,'2018-01-12 12:08:24','2018-01-12 12:08:24'),(282,38,319,'2018-01-12 12:08:24','2018-01-12 12:08:24'),(283,38,320,'2018-01-12 12:08:24','2018-01-12 12:08:24'),(284,38,321,'2018-01-12 12:08:24','2018-01-12 12:08:24'),(285,38,322,'2018-01-12 12:08:24','2018-01-12 12:08:24'),(286,38,323,'2018-01-12 12:08:24','2018-01-12 12:08:24'),(287,39,324,'2018-01-12 12:11:24','2018-01-12 12:11:24'),(288,39,325,'2018-01-12 12:11:24','2018-01-12 12:11:24'),(289,39,326,'2018-01-12 12:11:24','2018-01-12 12:11:24'),(290,39,327,'2018-01-12 12:11:24','2018-01-12 12:11:24'),(291,39,328,'2018-01-12 12:11:24','2018-01-12 12:11:24'),(292,39,329,'2018-01-12 12:11:24','2018-01-12 12:11:24'),(293,39,330,'2018-01-12 12:11:24','2018-01-12 12:11:24'),(294,39,331,'2018-01-12 12:11:24','2018-01-12 12:11:24'),(295,39,332,'2018-01-12 12:11:24','2018-01-12 12:11:24'),(296,39,333,'2018-01-12 12:11:24','2018-01-12 12:11:24'),(297,39,334,'2018-01-12 12:11:24','2018-01-12 12:11:24'),(298,39,335,'2018-01-12 12:11:24','2018-01-12 12:11:24'),(299,39,336,'2018-01-12 12:11:24','2018-01-12 12:11:24'),(300,39,337,'2018-01-12 12:11:24','2018-01-12 12:11:24'),(301,39,338,'2018-01-12 12:11:24','2018-01-12 12:11:24'),(302,39,339,'2018-01-12 12:11:24','2018-01-12 12:11:24'),(303,39,340,'2018-01-12 12:11:24','2018-01-12 12:11:24'),(304,39,341,'2018-01-12 12:11:24','2018-01-12 12:11:24'),(305,39,342,'2018-01-12 12:11:24','2018-01-12 12:11:24'),(306,39,343,'2018-01-12 12:11:24','2018-01-12 12:11:24'),(307,39,344,'2018-01-12 12:11:24','2018-01-12 12:11:24'),(308,39,345,'2018-01-12 12:11:24','2018-01-12 12:11:24'),(309,39,346,'2018-01-12 12:11:24','2018-01-12 12:11:24'),(310,39,347,'2018-01-12 12:11:24','2018-01-12 12:11:24'),(311,39,348,'2018-01-12 12:11:24','2018-01-12 12:11:24'),(312,39,349,'2018-01-12 12:11:24','2018-01-12 12:11:24'),(313,39,350,'2018-01-12 12:11:24','2018-01-12 12:11:24'),(314,39,351,'2018-01-12 12:11:24','2018-01-12 12:11:24'),(315,39,352,'2018-01-12 12:11:24','2018-01-12 12:11:24'),(316,39,353,'2018-01-12 12:11:24','2018-01-12 12:11:24'),(317,39,354,'2018-01-12 12:11:24','2018-01-12 12:11:24'),(318,39,355,'2018-01-12 12:11:24','2018-01-12 12:11:24'),(319,39,356,'2018-01-12 12:11:24','2018-01-12 12:11:24'),(320,40,357,'2018-01-14 02:06:32','2018-01-14 02:06:32'),(321,40,358,'2018-01-14 02:06:32','2018-01-14 02:06:32'),(322,40,359,'2018-01-14 02:06:32','2018-01-14 02:06:32'),(323,40,360,'2018-01-14 02:06:32','2018-01-14 02:06:32'),(324,40,361,'2018-01-14 02:06:32','2018-01-14 02:06:32'),(325,40,362,'2018-01-14 02:06:32','2018-01-14 02:06:32'),(326,40,363,'2018-01-14 02:06:32','2018-01-14 02:06:32'),(327,40,364,'2018-01-14 02:06:32','2018-01-14 02:06:32'),(328,40,365,'2018-01-14 02:06:32','2018-01-14 02:06:32'),(329,40,366,'2018-01-14 02:06:32','2018-01-14 02:06:32'),(330,40,367,'2018-01-14 02:06:32','2018-01-14 02:06:32'),(331,40,368,'2018-01-14 02:06:32','2018-01-14 02:06:32'),(332,40,369,'2018-01-14 02:06:32','2018-01-14 02:06:32'),(333,40,370,'2018-01-14 02:06:32','2018-01-14 02:06:32'),(334,40,371,'2018-01-14 02:06:32','2018-01-14 02:06:32'),(335,40,372,'2018-01-14 02:06:32','2018-01-14 02:06:32'),(336,40,373,'2018-01-14 02:06:32','2018-01-14 02:06:32'),(337,40,374,'2018-01-14 02:06:32','2018-01-14 02:06:32'),(338,40,375,'2018-01-14 02:06:32','2018-01-14 02:06:32'),(339,40,376,'2018-01-14 02:06:32','2018-01-14 02:06:32'),(340,40,377,'2018-01-14 02:06:32','2018-01-14 02:06:32'),(341,40,378,'2018-01-14 02:06:32','2018-01-14 02:06:32'),(342,40,379,'2018-01-14 02:06:32','2018-01-14 02:06:32'),(343,40,380,'2018-01-14 02:06:32','2018-01-14 02:06:32'),(344,40,381,'2018-01-14 02:06:32','2018-01-14 02:06:32'),(345,40,382,'2018-01-14 02:06:32','2018-01-14 02:06:32'),(346,40,383,'2018-01-14 02:06:32','2018-01-14 02:06:32'),(347,40,384,'2018-01-14 02:06:32','2018-01-14 02:06:32'),(348,40,385,'2018-01-14 02:06:32','2018-01-14 02:06:32'),(349,40,386,'2018-01-14 02:06:32','2018-01-14 02:06:32'),(350,40,387,'2018-01-14 02:06:32','2018-01-14 02:06:32'),(351,40,388,'2018-01-14 02:06:32','2018-01-14 02:06:32'),(352,40,389,'2018-01-14 02:06:32','2018-01-14 02:06:32'),(353,41,390,'2018-01-14 02:08:36','2018-01-14 02:08:36'),(354,41,391,'2018-01-14 02:08:36','2018-01-14 02:08:36'),(355,41,392,'2018-01-14 02:08:36','2018-01-14 02:08:36'),(356,41,393,'2018-01-14 02:08:36','2018-01-14 02:08:36'),(357,41,394,'2018-01-14 02:08:36','2018-01-14 02:08:36'),(358,41,395,'2018-01-14 02:08:36','2018-01-14 02:08:36'),(359,41,396,'2018-01-14 02:08:36','2018-01-14 02:08:36'),(360,41,397,'2018-01-14 02:08:36','2018-01-14 02:08:36'),(361,41,398,'2018-01-14 02:08:36','2018-01-14 02:08:36'),(362,41,399,'2018-01-14 02:08:36','2018-01-14 02:08:36'),(363,41,400,'2018-01-14 02:08:36','2018-01-14 02:08:36'),(364,41,401,'2018-01-14 02:08:36','2018-01-14 02:08:36'),(365,41,402,'2018-01-14 02:08:36','2018-01-14 02:08:36'),(366,41,403,'2018-01-14 02:08:36','2018-01-14 02:08:36'),(367,41,404,'2018-01-14 02:08:36','2018-01-14 02:08:36'),(368,41,405,'2018-01-14 02:08:36','2018-01-14 02:08:36'),(369,41,406,'2018-01-14 02:08:36','2018-01-14 02:08:36'),(370,41,407,'2018-01-14 02:08:36','2018-01-14 02:08:36'),(371,41,408,'2018-01-14 02:08:36','2018-01-14 02:08:36'),(372,41,409,'2018-01-14 02:08:36','2018-01-14 02:08:36'),(373,41,410,'2018-01-14 02:08:36','2018-01-14 02:08:36'),(374,41,411,'2018-01-14 02:08:36','2018-01-14 02:08:36'),(375,41,412,'2018-01-14 02:08:36','2018-01-14 02:08:36'),(376,41,413,'2018-01-14 02:08:36','2018-01-14 02:08:36'),(377,41,414,'2018-01-14 02:08:36','2018-01-14 02:08:36'),(378,41,415,'2018-01-14 02:08:36','2018-01-14 02:08:36'),(379,41,416,'2018-01-14 02:08:36','2018-01-14 02:08:36'),(380,41,417,'2018-01-14 02:08:36','2018-01-14 02:08:36'),(381,41,418,'2018-01-14 02:08:36','2018-01-14 02:08:36'),(382,41,419,'2018-01-14 02:08:36','2018-01-14 02:08:36'),(383,41,420,'2018-01-14 02:08:36','2018-01-14 02:08:36'),(384,41,421,'2018-01-14 02:08:36','2018-01-14 02:08:36'),(385,41,422,'2018-01-14 02:08:36','2018-01-14 02:08:36'),(386,42,423,'2018-01-14 02:35:07','2018-01-14 02:35:07'),(387,42,424,'2018-01-14 02:35:07','2018-01-14 02:35:07'),(388,42,425,'2018-01-14 02:35:07','2018-01-14 02:35:07'),(389,42,426,'2018-01-14 02:35:07','2018-01-14 02:35:07'),(390,42,427,'2018-01-14 02:35:07','2018-01-14 02:35:07'),(391,42,428,'2018-01-14 02:35:07','2018-01-14 02:35:07'),(392,42,429,'2018-01-14 02:35:07','2018-01-14 02:35:07'),(393,42,430,'2018-01-14 02:35:07','2018-01-14 02:35:07'),(394,42,431,'2018-01-14 02:35:07','2018-01-14 02:35:07'),(395,42,432,'2018-01-14 02:35:07','2018-01-14 02:35:07'),(396,42,433,'2018-01-14 02:35:07','2018-01-14 02:35:07'),(397,42,434,'2018-01-14 02:35:07','2018-01-14 02:35:07'),(398,42,435,'2018-01-14 02:35:07','2018-01-14 02:35:07'),(399,42,436,'2018-01-14 02:35:07','2018-01-14 02:35:07'),(400,42,437,'2018-01-14 02:35:07','2018-01-14 02:35:07'),(401,42,438,'2018-01-14 02:35:07','2018-01-14 02:35:07'),(402,42,439,'2018-01-14 02:35:07','2018-01-14 02:35:07'),(403,42,440,'2018-01-14 02:35:07','2018-01-14 02:35:07'),(404,42,441,'2018-01-14 02:35:07','2018-01-14 02:35:07'),(405,42,442,'2018-01-14 02:35:07','2018-01-14 02:35:07'),(406,42,443,'2018-01-14 02:35:07','2018-01-14 02:35:07'),(407,42,444,'2018-01-14 02:35:07','2018-01-14 02:35:07'),(408,42,445,'2018-01-14 02:35:07','2018-01-14 02:35:07'),(409,42,446,'2018-01-14 02:35:07','2018-01-14 02:35:07'),(410,42,447,'2018-01-14 02:35:07','2018-01-14 02:35:07'),(411,42,448,'2018-01-14 02:35:07','2018-01-14 02:35:07'),(412,42,449,'2018-01-14 02:35:07','2018-01-14 02:35:07'),(413,42,450,'2018-01-14 02:35:07','2018-01-14 02:35:07'),(414,42,451,'2018-01-14 02:35:07','2018-01-14 02:35:07'),(415,42,452,'2018-01-14 02:35:07','2018-01-14 02:35:07'),(416,42,453,'2018-01-14 02:35:07','2018-01-14 02:35:07'),(417,42,454,'2018-01-14 02:35:07','2018-01-14 02:35:07'),(418,42,455,'2018-01-14 02:35:07','2018-01-14 02:35:07'),(419,43,456,'2018-01-14 02:37:59','2018-01-14 02:37:59'),(420,43,457,'2018-01-14 02:37:59','2018-01-14 02:37:59'),(421,43,458,'2018-01-14 02:37:59','2018-01-14 02:37:59'),(422,43,459,'2018-01-14 02:37:59','2018-01-14 02:37:59'),(423,43,460,'2018-01-14 02:37:59','2018-01-14 02:37:59'),(424,43,461,'2018-01-14 02:37:59','2018-01-14 02:37:59'),(425,43,462,'2018-01-14 02:37:59','2018-01-14 02:37:59'),(426,43,463,'2018-01-14 02:37:59','2018-01-14 02:37:59'),(427,43,464,'2018-01-14 02:37:59','2018-01-14 02:37:59'),(428,43,465,'2018-01-14 02:37:59','2018-01-14 02:37:59'),(429,43,466,'2018-01-14 02:37:59','2018-01-14 02:37:59'),(430,43,467,'2018-01-14 02:37:59','2018-01-14 02:37:59'),(431,43,468,'2018-01-14 02:37:59','2018-01-14 02:37:59'),(432,43,469,'2018-01-14 02:37:59','2018-01-14 02:37:59'),(433,43,470,'2018-01-14 02:37:59','2018-01-14 02:37:59'),(434,43,471,'2018-01-14 02:37:59','2018-01-14 02:37:59'),(435,43,472,'2018-01-14 02:37:59','2018-01-14 02:37:59'),(436,43,473,'2018-01-14 02:37:59','2018-01-14 02:37:59'),(437,43,474,'2018-01-14 02:37:59','2018-01-14 02:37:59'),(438,43,475,'2018-01-14 02:37:59','2018-01-14 02:37:59'),(439,43,476,'2018-01-14 02:37:59','2018-01-14 02:37:59'),(440,43,477,'2018-01-14 02:37:59','2018-01-14 02:37:59'),(441,43,478,'2018-01-14 02:37:59','2018-01-14 02:37:59'),(442,43,479,'2018-01-14 02:37:59','2018-01-14 02:37:59'),(443,43,480,'2018-01-14 02:37:59','2018-01-14 02:37:59'),(444,43,481,'2018-01-14 02:37:59','2018-01-14 02:37:59'),(445,43,482,'2018-01-14 02:37:59','2018-01-14 02:37:59'),(446,43,483,'2018-01-14 02:37:59','2018-01-14 02:37:59'),(447,43,484,'2018-01-14 02:37:59','2018-01-14 02:37:59'),(448,43,485,'2018-01-14 02:37:59','2018-01-14 02:37:59'),(449,43,486,'2018-01-14 02:37:59','2018-01-14 02:37:59'),(450,43,487,'2018-01-14 02:37:59','2018-01-14 02:37:59'),(451,43,488,'2018-01-14 02:37:59','2018-01-14 02:37:59'),(452,44,651,'2018-01-14 04:00:19','2018-01-14 04:00:19'),(453,44,652,'2018-01-14 04:00:19','2018-01-14 04:00:19'),(454,44,653,'2018-01-14 04:00:19','2018-01-14 04:00:19'),(455,44,654,'2018-01-14 04:00:19','2018-01-14 04:00:19'),(456,44,655,'2018-01-14 04:00:19','2018-01-14 04:00:19'),(457,44,656,'2018-01-14 04:00:19','2018-01-14 04:00:19'),(458,44,657,'2018-01-14 04:00:19','2018-01-14 04:00:19'),(459,44,658,'2018-01-14 04:00:19','2018-01-14 04:00:19'),(460,44,659,'2018-01-14 04:00:19','2018-01-14 04:00:19'),(461,44,660,'2018-01-14 04:00:19','2018-01-14 04:00:19'),(462,44,661,'2018-01-14 04:00:19','2018-01-14 04:00:19'),(463,44,662,'2018-01-14 04:00:19','2018-01-14 04:00:19'),(464,44,663,'2018-01-14 04:00:19','2018-01-14 04:00:19'),(465,44,664,'2018-01-14 04:00:19','2018-01-14 04:00:19'),(466,44,665,'2018-01-14 04:00:19','2018-01-14 04:00:19'),(467,44,666,'2018-01-14 04:00:19','2018-01-14 04:00:19'),(468,44,667,'2018-01-14 04:00:19','2018-01-14 04:00:19'),(469,44,668,'2018-01-14 04:00:19','2018-01-14 04:00:19'),(470,44,669,'2018-01-14 04:00:19','2018-01-14 04:00:19'),(471,44,670,'2018-01-14 04:00:19','2018-01-14 04:00:19'),(472,44,671,'2018-01-14 04:00:19','2018-01-14 04:00:19'),(473,44,672,'2018-01-14 04:00:19','2018-01-14 04:00:19'),(474,44,673,'2018-01-14 04:00:19','2018-01-14 04:00:19'),(475,44,674,'2018-01-14 04:00:19','2018-01-14 04:00:19'),(476,44,675,'2018-01-14 04:00:19','2018-01-14 04:00:19'),(477,44,676,'2018-01-14 04:00:19','2018-01-14 04:00:19'),(478,44,677,'2018-01-14 04:00:19','2018-01-14 04:00:19'),(479,44,678,'2018-01-14 04:00:19','2018-01-14 04:00:19'),(480,44,679,'2018-01-14 04:00:19','2018-01-14 04:00:19'),(481,44,680,'2018-01-14 04:00:19','2018-01-14 04:00:19'),(482,44,681,'2018-01-14 04:00:19','2018-01-14 04:00:19'),(483,44,682,'2018-01-14 04:00:19','2018-01-14 04:00:19'),(484,44,683,'2018-01-14 04:00:19','2018-01-14 04:00:19'),(485,44,684,'2018-01-14 04:00:19','2018-01-14 04:00:19'),(486,44,685,'2018-01-14 04:00:19','2018-01-14 04:00:19'),(487,44,686,'2018-01-14 04:00:19','2018-01-14 04:00:19'),(488,45,716,'2018-01-14 04:03:11','2018-01-14 04:03:11'),(489,45,717,'2018-01-14 04:03:11','2018-01-14 04:03:11'),(490,45,718,'2018-01-14 04:03:11','2018-01-14 04:03:11'),(491,45,719,'2018-01-14 04:03:11','2018-01-14 04:03:11'),(492,45,720,'2018-01-14 04:03:11','2018-01-14 04:03:11'),(493,45,721,'2018-01-14 04:03:11','2018-01-14 04:03:11'),(494,45,722,'2018-01-14 04:03:11','2018-01-14 04:03:11'),(495,45,723,'2018-01-14 04:03:11','2018-01-14 04:03:11'),(496,45,724,'2018-01-14 04:03:11','2018-01-14 04:03:11'),(497,45,725,'2018-01-14 04:03:11','2018-01-14 04:03:11'),(498,45,726,'2018-01-14 04:03:11','2018-01-14 04:03:11'),(499,45,727,'2018-01-14 04:03:11','2018-01-14 04:03:11'),(500,45,728,'2018-01-14 04:03:11','2018-01-14 04:03:11'),(501,45,729,'2018-01-14 04:03:11','2018-01-14 04:03:11'),(502,45,730,'2018-01-14 04:03:11','2018-01-14 04:03:11'),(503,45,731,'2018-01-14 04:03:11','2018-01-14 04:03:11'),(504,45,732,'2018-01-14 04:03:11','2018-01-14 04:03:11'),(505,45,733,'2018-01-14 04:03:11','2018-01-14 04:03:11'),(506,45,734,'2018-01-14 04:03:11','2018-01-14 04:03:11'),(507,45,735,'2018-01-14 04:03:11','2018-01-14 04:03:11'),(508,45,736,'2018-01-14 04:03:11','2018-01-14 04:03:11'),(509,45,737,'2018-01-14 04:03:11','2018-01-14 04:03:11'),(510,45,738,'2018-01-14 04:03:11','2018-01-14 04:03:11'),(511,45,739,'2018-01-14 04:03:11','2018-01-14 04:03:11'),(512,45,740,'2018-01-14 04:03:11','2018-01-14 04:03:11'),(513,45,741,'2018-01-14 04:03:11','2018-01-14 04:03:11'),(514,45,742,'2018-01-14 04:03:11','2018-01-14 04:03:11'),(515,45,743,'2018-01-14 04:03:11','2018-01-14 04:03:11'),(516,45,744,'2018-01-14 04:03:11','2018-01-14 04:03:11'),(517,45,745,'2018-01-14 04:03:11','2018-01-14 04:03:11'),(518,45,746,'2018-01-14 04:03:11','2018-01-14 04:03:11'),(519,45,747,'2018-01-14 04:03:11','2018-01-14 04:03:11'),(520,45,748,'2018-01-14 04:03:11','2018-01-14 04:03:11'),(521,46,749,'2018-01-14 04:05:47','2018-01-14 04:05:47'),(522,46,750,'2018-01-14 04:05:47','2018-01-14 04:05:47'),(523,46,751,'2018-01-14 04:05:47','2018-01-14 04:05:47'),(524,46,752,'2018-01-14 04:05:47','2018-01-14 04:05:47'),(525,46,753,'2018-01-14 04:05:47','2018-01-14 04:05:47'),(526,46,754,'2018-01-14 04:05:47','2018-01-14 04:05:47'),(527,46,755,'2018-01-14 04:05:47','2018-01-14 04:05:47'),(528,46,756,'2018-01-14 04:05:47','2018-01-14 04:05:47'),(529,46,757,'2018-01-14 04:05:47','2018-01-14 04:05:47'),(530,46,758,'2018-01-14 04:05:47','2018-01-14 04:05:47'),(531,46,759,'2018-01-14 04:05:47','2018-01-14 04:05:47'),(532,46,760,'2018-01-14 04:05:47','2018-01-14 04:05:47'),(533,46,761,'2018-01-14 04:05:47','2018-01-14 04:05:47'),(534,46,762,'2018-01-14 04:05:47','2018-01-14 04:05:47'),(535,46,763,'2018-01-14 04:05:47','2018-01-14 04:05:47'),(536,46,764,'2018-01-14 04:05:47','2018-01-14 04:05:47'),(537,46,765,'2018-01-14 04:05:47','2018-01-14 04:05:47'),(538,46,766,'2018-01-14 04:05:47','2018-01-14 04:05:47'),(539,46,767,'2018-01-14 04:05:47','2018-01-14 04:05:47'),(540,46,768,'2018-01-14 04:05:47','2018-01-14 04:05:47'),(541,46,769,'2018-01-14 04:05:47','2018-01-14 04:05:47'),(542,46,770,'2018-01-14 04:05:47','2018-01-14 04:05:47'),(543,46,771,'2018-01-14 04:05:47','2018-01-14 04:05:47'),(544,46,772,'2018-01-14 04:05:47','2018-01-14 04:05:47'),(545,46,773,'2018-01-14 04:05:47','2018-01-14 04:05:47'),(546,46,774,'2018-01-14 04:05:47','2018-01-14 04:05:47'),(547,46,775,'2018-01-14 04:05:47','2018-01-14 04:05:47'),(548,46,776,'2018-01-14 04:05:47','2018-01-14 04:05:47'),(549,46,777,'2018-01-14 04:05:47','2018-01-14 04:05:47'),(550,46,778,'2018-01-14 04:05:47','2018-01-14 04:05:47'),(551,46,779,'2018-01-14 04:05:47','2018-01-14 04:05:47'),(552,46,780,'2018-01-14 04:05:47','2018-01-14 04:05:47'),(553,47,781,'2018-01-14 04:08:41','2018-01-14 04:08:41'),(554,47,782,'2018-01-14 04:08:41','2018-01-14 04:08:41'),(555,47,783,'2018-01-14 04:08:41','2018-01-14 04:08:41'),(556,47,784,'2018-01-14 04:08:41','2018-01-14 04:08:41'),(557,47,785,'2018-01-14 04:08:41','2018-01-14 04:08:41'),(558,47,786,'2018-01-14 04:08:41','2018-01-14 04:08:41'),(559,47,787,'2018-01-14 04:08:41','2018-01-14 04:08:41'),(560,47,788,'2018-01-14 04:08:41','2018-01-14 04:08:41'),(561,47,789,'2018-01-14 04:08:41','2018-01-14 04:08:41'),(562,47,790,'2018-01-14 04:08:41','2018-01-14 04:08:41'),(563,47,791,'2018-01-14 04:08:41','2018-01-14 04:08:41'),(564,47,792,'2018-01-14 04:08:41','2018-01-14 04:08:41'),(565,47,793,'2018-01-14 04:08:41','2018-01-14 04:08:41'),(566,47,794,'2018-01-14 04:08:41','2018-01-14 04:08:41'),(567,47,795,'2018-01-14 04:08:41','2018-01-14 04:08:41'),(568,47,796,'2018-01-14 04:08:41','2018-01-14 04:08:41'),(569,47,797,'2018-01-14 04:08:41','2018-01-14 04:08:41'),(570,47,798,'2018-01-14 04:08:41','2018-01-14 04:08:41'),(571,47,799,'2018-01-14 04:08:41','2018-01-14 04:08:41'),(572,47,800,'2018-01-14 04:08:41','2018-01-14 04:08:41'),(573,47,801,'2018-01-14 04:08:41','2018-01-14 04:08:41'),(574,47,802,'2018-01-14 04:08:41','2018-01-14 04:08:41'),(575,47,803,'2018-01-14 04:08:41','2018-01-14 04:08:41'),(576,47,804,'2018-01-14 04:08:41','2018-01-14 04:08:41'),(577,47,805,'2018-01-14 04:08:41','2018-01-14 04:08:41'),(578,47,806,'2018-01-14 04:08:41','2018-01-14 04:08:41'),(579,47,807,'2018-01-14 04:08:41','2018-01-14 04:08:41'),(580,47,808,'2018-01-14 04:08:41','2018-01-14 04:08:41'),(581,47,809,'2018-01-14 04:08:41','2018-01-14 04:08:41'),(582,47,810,'2018-01-14 04:08:41','2018-01-14 04:08:41'),(583,47,811,'2018-01-14 04:08:41','2018-01-14 04:08:41'),(584,47,812,'2018-01-14 04:08:41','2018-01-14 04:08:41'),(585,47,813,'2018-01-14 04:08:41','2018-01-14 04:08:41'),(586,47,814,'2018-01-14 04:08:41','2018-01-14 04:08:41'),(587,48,815,'2018-01-14 04:21:27','2018-01-14 04:21:27'),(588,48,816,'2018-01-14 04:21:27','2018-01-14 04:21:27'),(589,48,817,'2018-01-14 04:21:27','2018-01-14 04:21:27'),(590,48,818,'2018-01-14 04:21:27','2018-01-14 04:21:27'),(591,48,819,'2018-01-14 04:21:27','2018-01-14 04:21:27'),(592,48,820,'2018-01-14 04:21:27','2018-01-14 04:21:27'),(593,48,821,'2018-01-14 04:21:27','2018-01-14 04:21:27'),(594,48,822,'2018-01-14 04:21:27','2018-01-14 04:21:27'),(595,48,823,'2018-01-14 04:21:27','2018-01-14 04:21:27'),(596,48,824,'2018-01-14 04:21:27','2018-01-14 04:21:27'),(597,48,825,'2018-01-14 04:21:27','2018-01-14 04:21:27'),(598,48,826,'2018-01-14 04:21:27','2018-01-14 04:21:27'),(599,48,827,'2018-01-14 04:21:27','2018-01-14 04:21:27'),(600,48,828,'2018-01-14 04:21:27','2018-01-14 04:21:27'),(601,48,829,'2018-01-14 04:21:27','2018-01-14 04:21:27'),(602,48,830,'2018-01-14 04:21:27','2018-01-14 04:21:27'),(603,48,831,'2018-01-14 04:21:27','2018-01-14 04:21:27'),(604,48,832,'2018-01-14 04:21:27','2018-01-14 04:21:27'),(605,48,833,'2018-01-14 04:21:27','2018-01-14 04:21:27'),(606,48,834,'2018-01-14 04:21:27','2018-01-14 04:21:27'),(607,48,835,'2018-01-14 04:21:27','2018-01-14 04:21:27'),(608,48,836,'2018-01-14 04:21:27','2018-01-14 04:21:27'),(609,48,837,'2018-01-14 04:21:27','2018-01-14 04:21:27'),(610,48,838,'2018-01-14 04:21:27','2018-01-14 04:21:27'),(611,48,839,'2018-01-14 04:21:27','2018-01-14 04:21:27'),(612,48,840,'2018-01-14 04:21:27','2018-01-14 04:21:27'),(613,48,841,'2018-01-14 04:21:27','2018-01-14 04:21:27'),(614,48,842,'2018-01-14 04:21:27','2018-01-14 04:21:27'),(615,48,843,'2018-01-14 04:21:27','2018-01-14 04:21:27'),(616,48,844,'2018-01-14 04:21:27','2018-01-14 04:21:27'),(617,48,845,'2018-01-14 04:21:27','2018-01-14 04:21:27'),(618,48,846,'2018-01-14 04:21:27','2018-01-14 04:21:27'),(619,48,847,'2018-01-14 04:21:27','2018-01-14 04:21:27'),(620,48,848,'2018-01-14 04:21:27','2018-01-14 04:21:27'),(621,48,849,'2018-01-14 04:21:27','2018-01-14 04:21:27'),(622,48,850,'2018-01-14 04:21:27','2018-01-14 04:21:27'),(623,49,851,'2018-01-14 04:21:47','2018-01-14 04:21:47'),(624,49,852,'2018-01-14 04:21:47','2018-01-14 04:21:47'),(625,49,853,'2018-01-14 04:21:47','2018-01-14 04:21:47'),(626,49,854,'2018-01-14 04:21:47','2018-01-14 04:21:47'),(627,49,855,'2018-01-14 04:21:47','2018-01-14 04:21:47'),(628,49,856,'2018-01-14 04:21:47','2018-01-14 04:21:47'),(629,49,857,'2018-01-14 04:21:47','2018-01-14 04:21:47'),(630,49,858,'2018-01-14 04:21:47','2018-01-14 04:21:47'),(631,49,859,'2018-01-14 04:21:47','2018-01-14 04:21:47'),(632,49,860,'2018-01-14 04:21:47','2018-01-14 04:21:47'),(633,49,861,'2018-01-14 04:21:47','2018-01-14 04:21:47'),(634,49,862,'2018-01-14 04:21:47','2018-01-14 04:21:47'),(635,49,863,'2018-01-14 04:21:47','2018-01-14 04:21:47'),(636,49,864,'2018-01-14 04:21:47','2018-01-14 04:21:47'),(637,49,865,'2018-01-14 04:21:47','2018-01-14 04:21:47'),(638,49,866,'2018-01-14 04:21:47','2018-01-14 04:21:47'),(639,49,867,'2018-01-14 04:21:47','2018-01-14 04:21:47'),(640,49,868,'2018-01-14 04:21:47','2018-01-14 04:21:47'),(641,49,869,'2018-01-14 04:21:47','2018-01-14 04:21:47'),(642,49,870,'2018-01-14 04:21:47','2018-01-14 04:21:47'),(643,49,871,'2018-01-14 04:21:47','2018-01-14 04:21:47'),(644,49,872,'2018-01-14 04:21:47','2018-01-14 04:21:47'),(645,49,873,'2018-01-14 04:21:47','2018-01-14 04:21:47'),(646,49,874,'2018-01-14 04:21:47','2018-01-14 04:21:47'),(647,49,875,'2018-01-14 04:21:47','2018-01-14 04:21:47'),(648,49,876,'2018-01-14 04:21:47','2018-01-14 04:21:47'),(649,49,877,'2018-01-14 04:21:47','2018-01-14 04:21:47'),(650,49,878,'2018-01-14 04:21:47','2018-01-14 04:21:47'),(651,49,879,'2018-01-14 04:21:47','2018-01-14 04:21:47'),(652,49,880,'2018-01-14 04:21:47','2018-01-14 04:21:47'),(653,49,881,'2018-01-14 04:21:47','2018-01-14 04:21:47'),(654,49,882,'2018-01-14 04:21:47','2018-01-14 04:21:47'),(655,49,883,'2018-01-14 04:21:47','2018-01-14 04:21:47'),(656,49,884,'2018-01-14 04:21:47','2018-01-14 04:21:47'),(657,49,885,'2018-01-14 04:21:47','2018-01-14 04:21:47'),(658,49,886,'2018-01-14 04:21:47','2018-01-14 04:21:47'),(659,49,887,'2018-01-14 04:21:47','2018-01-14 04:21:47'),(660,49,888,'2018-01-14 04:21:47','2018-01-14 04:21:47'),(661,49,889,'2018-01-14 04:21:47','2018-01-14 04:21:47'),(662,50,890,'2018-01-14 04:22:18','2018-01-14 04:22:18'),(663,50,891,'2018-01-14 04:22:18','2018-01-14 04:22:18'),(664,50,892,'2018-01-14 04:22:18','2018-01-14 04:22:18'),(665,50,893,'2018-01-14 04:22:18','2018-01-14 04:22:18'),(666,50,894,'2018-01-14 04:22:18','2018-01-14 04:22:18'),(667,50,895,'2018-01-14 04:22:18','2018-01-14 04:22:18'),(668,50,896,'2018-01-14 04:22:18','2018-01-14 04:22:18'),(669,50,897,'2018-01-14 04:22:18','2018-01-14 04:22:18'),(670,50,898,'2018-01-14 04:22:18','2018-01-14 04:22:18'),(671,50,899,'2018-01-14 04:22:18','2018-01-14 04:22:18'),(672,50,900,'2018-01-14 04:22:18','2018-01-14 04:22:18'),(673,50,901,'2018-01-14 04:22:18','2018-01-14 04:22:18'),(674,50,902,'2018-01-14 04:22:18','2018-01-14 04:22:18'),(675,50,903,'2018-01-14 04:22:18','2018-01-14 04:22:18'),(676,50,904,'2018-01-14 04:22:18','2018-01-14 04:22:18'),(677,50,905,'2018-01-14 04:22:18','2018-01-14 04:22:18'),(678,50,906,'2018-01-14 04:22:18','2018-01-14 04:22:18'),(679,50,907,'2018-01-14 04:22:18','2018-01-14 04:22:18'),(680,50,908,'2018-01-14 04:22:18','2018-01-14 04:22:18'),(681,50,909,'2018-01-14 04:22:18','2018-01-14 04:22:18'),(682,50,910,'2018-01-14 04:22:18','2018-01-14 04:22:18'),(683,50,911,'2018-01-14 04:22:18','2018-01-14 04:22:18'),(684,50,912,'2018-01-14 04:22:18','2018-01-14 04:22:18'),(685,50,913,'2018-01-14 04:22:18','2018-01-14 04:22:18'),(686,50,914,'2018-01-14 04:22:18','2018-01-14 04:22:18'),(687,50,915,'2018-01-14 04:22:18','2018-01-14 04:22:18'),(688,50,916,'2018-01-14 04:22:18','2018-01-14 04:22:18'),(689,50,917,'2018-01-14 04:22:18','2018-01-14 04:22:18'),(690,50,918,'2018-01-14 04:22:18','2018-01-14 04:22:18'),(691,50,919,'2018-01-14 04:22:18','2018-01-14 04:22:18'),(692,50,920,'2018-01-14 04:22:18','2018-01-14 04:22:18'),(693,50,921,'2018-01-14 04:22:18','2018-01-14 04:22:18'),(694,50,922,'2018-01-14 04:22:18','2018-01-14 04:22:18'),(695,50,923,'2018-01-14 04:22:18','2018-01-14 04:22:18'),(696,50,924,'2018-01-14 04:22:18','2018-01-14 04:22:18'),(697,50,925,'2018-01-14 04:22:18','2018-01-14 04:22:18'),(698,50,926,'2018-01-14 04:22:18','2018-01-14 04:22:18'),(699,50,927,'2018-01-14 04:22:18','2018-01-14 04:22:18'),(700,50,928,'2018-01-14 04:22:18','2018-01-14 04:22:18'),(701,50,929,'2018-01-14 04:22:18','2018-01-14 04:22:18'),(702,50,930,'2018-01-14 04:22:18','2018-01-14 04:22:18'),(703,50,931,'2018-01-14 04:22:18','2018-01-14 04:22:18'),(704,50,932,'2018-01-14 04:22:18','2018-01-14 04:22:18'),(705,50,933,'2018-01-14 04:22:18','2018-01-14 04:22:18'),(706,51,934,'2018-01-14 04:22:52','2018-01-14 04:22:52'),(707,51,935,'2018-01-14 04:22:52','2018-01-14 04:22:52'),(708,51,936,'2018-01-14 04:22:52','2018-01-14 04:22:52'),(709,51,937,'2018-01-14 04:22:52','2018-01-14 04:22:52'),(710,51,938,'2018-01-14 04:22:52','2018-01-14 04:22:52'),(711,51,939,'2018-01-14 04:22:52','2018-01-14 04:22:52'),(712,51,940,'2018-01-14 04:22:52','2018-01-14 04:22:52'),(713,51,941,'2018-01-14 04:22:52','2018-01-14 04:22:52'),(714,51,942,'2018-01-14 04:22:52','2018-01-14 04:22:52'),(715,51,943,'2018-01-14 04:22:52','2018-01-14 04:22:52'),(716,51,944,'2018-01-14 04:22:52','2018-01-14 04:22:52'),(717,51,945,'2018-01-14 04:22:52','2018-01-14 04:22:52'),(718,51,946,'2018-01-14 04:22:52','2018-01-14 04:22:52'),(719,51,947,'2018-01-14 04:22:52','2018-01-14 04:22:52'),(720,51,948,'2018-01-14 04:22:52','2018-01-14 04:22:52'),(721,51,949,'2018-01-14 04:22:52','2018-01-14 04:22:52'),(722,51,950,'2018-01-14 04:22:52','2018-01-14 04:22:52'),(723,51,951,'2018-01-14 04:22:52','2018-01-14 04:22:52'),(724,51,952,'2018-01-14 04:22:52','2018-01-14 04:22:52'),(725,51,953,'2018-01-14 04:22:52','2018-01-14 04:22:52'),(726,51,954,'2018-01-14 04:22:52','2018-01-14 04:22:52'),(727,51,955,'2018-01-14 04:22:52','2018-01-14 04:22:52'),(728,51,956,'2018-01-14 04:22:52','2018-01-14 04:22:52'),(729,51,957,'2018-01-14 04:22:52','2018-01-14 04:22:52'),(730,51,958,'2018-01-14 04:22:52','2018-01-14 04:22:52'),(731,51,959,'2018-01-14 04:22:52','2018-01-14 04:22:52'),(732,51,960,'2018-01-14 04:22:52','2018-01-14 04:22:52'),(733,51,961,'2018-01-14 04:22:52','2018-01-14 04:22:52'),(734,51,962,'2018-01-14 04:22:52','2018-01-14 04:22:52'),(735,51,963,'2018-01-14 04:22:52','2018-01-14 04:22:52'),(736,51,964,'2018-01-14 04:22:52','2018-01-14 04:22:52'),(737,51,965,'2018-01-14 04:22:52','2018-01-14 04:22:52'),(738,51,966,'2018-01-14 04:22:52','2018-01-14 04:22:52'),(739,51,967,'2018-01-14 04:22:52','2018-01-14 04:22:52'),(740,51,968,'2018-01-14 04:22:52','2018-01-14 04:22:52'),(741,51,969,'2018-01-14 04:22:52','2018-01-14 04:22:52'),(742,51,970,'2018-01-14 04:22:52','2018-01-14 04:22:52'),(743,51,971,'2018-01-14 04:22:52','2018-01-14 04:22:52'),(744,51,972,'2018-01-14 04:22:52','2018-01-14 04:22:52'),(745,51,973,'2018-01-14 04:22:52','2018-01-14 04:22:52'),(746,51,974,'2018-01-14 04:22:52','2018-01-14 04:22:52'),(747,51,975,'2018-01-14 04:22:52','2018-01-14 04:22:52'),(748,51,976,'2018-01-14 04:22:52','2018-01-14 04:22:52'),(749,52,1006,'2018-01-14 04:29:08','2018-01-14 04:29:08'),(750,52,1007,'2018-01-14 04:29:08','2018-01-14 04:29:08'),(751,52,1008,'2018-01-14 04:29:08','2018-01-14 04:29:08'),(752,52,1009,'2018-01-14 04:29:08','2018-01-14 04:29:08'),(753,52,1010,'2018-01-14 04:29:08','2018-01-14 04:29:08'),(754,52,1011,'2018-01-14 04:29:08','2018-01-14 04:29:08'),(755,52,1012,'2018-01-14 04:29:08','2018-01-14 04:29:08'),(756,52,1013,'2018-01-14 04:29:08','2018-01-14 04:29:08'),(757,52,1014,'2018-01-14 04:29:08','2018-01-14 04:29:08'),(758,52,1015,'2018-01-14 04:29:08','2018-01-14 04:29:08'),(759,52,1016,'2018-01-14 04:29:08','2018-01-14 04:29:08'),(760,52,1017,'2018-01-14 04:29:08','2018-01-14 04:29:08'),(761,52,1018,'2018-01-14 04:29:08','2018-01-14 04:29:08'),(762,52,1019,'2018-01-14 04:29:08','2018-01-14 04:29:08'),(763,52,1020,'2018-01-14 04:29:08','2018-01-14 04:29:08'),(764,52,1021,'2018-01-14 04:29:08','2018-01-14 04:29:08'),(765,52,1022,'2018-01-14 04:29:08','2018-01-14 04:29:08'),(766,52,1023,'2018-01-14 04:29:08','2018-01-14 04:29:08'),(767,52,1024,'2018-01-14 04:29:08','2018-01-14 04:29:08'),(768,52,1025,'2018-01-14 04:29:08','2018-01-14 04:29:08'),(769,52,1026,'2018-01-14 04:29:08','2018-01-14 04:29:08'),(770,52,1027,'2018-01-14 04:29:08','2018-01-14 04:29:08'),(771,52,1028,'2018-01-14 04:29:08','2018-01-14 04:29:08'),(772,52,1029,'2018-01-14 04:29:08','2018-01-14 04:29:08'),(773,52,1030,'2018-01-14 04:29:08','2018-01-14 04:29:08'),(774,52,1031,'2018-01-14 04:29:08','2018-01-14 04:29:08'),(775,52,1032,'2018-01-14 04:29:08','2018-01-14 04:29:08'),(776,52,1033,'2018-01-14 04:29:08','2018-01-14 04:29:08'),(777,52,1034,'2018-01-14 04:29:08','2018-01-14 04:29:08'),(778,53,1035,'2018-01-14 04:29:57','2018-01-14 04:29:57'),(779,53,1036,'2018-01-14 04:29:57','2018-01-14 04:29:57'),(780,53,1037,'2018-01-14 04:29:57','2018-01-14 04:29:57'),(781,53,1038,'2018-01-14 04:29:57','2018-01-14 04:29:57'),(782,53,1039,'2018-01-14 04:29:57','2018-01-14 04:29:57'),(783,53,1040,'2018-01-14 04:29:57','2018-01-14 04:29:57'),(784,53,1041,'2018-01-14 04:29:57','2018-01-14 04:29:57'),(785,53,1042,'2018-01-14 04:29:57','2018-01-14 04:29:57'),(786,53,1043,'2018-01-14 04:29:57','2018-01-14 04:29:57'),(787,53,1044,'2018-01-14 04:29:57','2018-01-14 04:29:57'),(788,53,1045,'2018-01-14 04:29:57','2018-01-14 04:29:57'),(789,53,1046,'2018-01-14 04:29:57','2018-01-14 04:29:57'),(790,53,1047,'2018-01-14 04:29:57','2018-01-14 04:29:57'),(791,53,1048,'2018-01-14 04:29:57','2018-01-14 04:29:57'),(792,53,1049,'2018-01-14 04:29:57','2018-01-14 04:29:57'),(793,53,1050,'2018-01-14 04:29:57','2018-01-14 04:29:57'),(794,53,1051,'2018-01-14 04:29:57','2018-01-14 04:29:57'),(795,53,1052,'2018-01-14 04:29:57','2018-01-14 04:29:57'),(796,53,1053,'2018-01-14 04:29:57','2018-01-14 04:29:57'),(797,53,1054,'2018-01-14 04:29:57','2018-01-14 04:29:57'),(798,53,1055,'2018-01-14 04:29:57','2018-01-14 04:29:57'),(799,53,1056,'2018-01-14 04:29:57','2018-01-14 04:29:57'),(800,53,1057,'2018-01-14 04:29:57','2018-01-14 04:29:57'),(801,53,1058,'2018-01-14 04:29:57','2018-01-14 04:29:57'),(802,53,1059,'2018-01-14 04:29:57','2018-01-14 04:29:57'),(803,53,1060,'2018-01-14 04:29:57','2018-01-14 04:29:57'),(804,53,1061,'2018-01-14 04:29:57','2018-01-14 04:29:57'),(805,53,1062,'2018-01-14 04:29:57','2018-01-14 04:29:57'),(806,53,1063,'2018-01-14 04:29:57','2018-01-14 04:29:57'),(807,53,1064,'2018-01-14 04:29:57','2018-01-14 04:29:57'),(808,53,1065,'2018-01-14 04:29:57','2018-01-14 04:29:57'),(809,53,1066,'2018-01-14 04:29:57','2018-01-14 04:29:57'),(810,53,1067,'2018-01-14 04:29:57','2018-01-14 04:29:57'),(811,53,1068,'2018-01-14 04:29:57','2018-01-14 04:29:57'),(812,53,1069,'2018-01-14 04:29:57','2018-01-14 04:29:57'),(813,53,1070,'2018-01-14 04:29:57','2018-01-14 04:29:57'),(814,53,1071,'2018-01-14 04:29:57','2018-01-14 04:29:57'),(815,53,1072,'2018-01-14 04:29:57','2018-01-14 04:29:57'),(816,53,1073,'2018-01-14 04:29:57','2018-01-14 04:29:57'),(817,53,1074,'2018-01-14 04:29:57','2018-01-14 04:29:57'),(818,53,1075,'2018-01-14 04:29:57','2018-01-14 04:29:57'),(819,53,1076,'2018-01-14 04:29:57','2018-01-14 04:29:57'),(820,53,1077,'2018-01-14 04:29:57','2018-01-14 04:29:57'),(821,53,1078,'2018-01-14 04:29:57','2018-01-14 04:29:57'),(822,53,1079,'2018-01-14 04:29:57','2018-01-14 04:29:57'),(823,53,1080,'2018-01-14 04:29:57','2018-01-14 04:29:57'),(824,53,1081,'2018-01-14 04:29:57','2018-01-14 04:29:57'),(825,53,1082,'2018-01-14 04:29:57','2018-01-14 04:29:57'),(826,53,1083,'2018-01-14 04:29:57','2018-01-14 04:29:57'),(827,53,1084,'2018-01-14 04:29:57','2018-01-14 04:29:57'),(828,53,1085,'2018-01-14 04:29:57','2018-01-14 04:29:57'),(829,53,1086,'2018-01-14 04:29:57','2018-01-14 04:29:57'),(830,53,1087,'2018-01-14 04:29:57','2018-01-14 04:29:57'),(831,53,1088,'2018-01-14 04:29:57','2018-01-14 04:29:57'),(832,53,1089,'2018-01-14 04:29:57','2018-01-14 04:29:57'),(833,53,1090,'2018-01-14 04:29:57','2018-01-14 04:29:57'),(834,53,1091,'2018-01-14 04:29:57','2018-01-14 04:29:57'),(835,53,1092,'2018-01-14 04:29:57','2018-01-14 04:29:57'),(836,54,1093,'2018-01-14 04:33:09','2018-01-14 04:33:09'),(837,54,1094,'2018-01-14 04:33:09','2018-01-14 04:33:09'),(838,54,1095,'2018-01-14 04:33:09','2018-01-14 04:33:09'),(839,54,1096,'2018-01-14 04:33:09','2018-01-14 04:33:09'),(840,54,1097,'2018-01-14 04:33:09','2018-01-14 04:33:09'),(841,54,1098,'2018-01-14 04:33:09','2018-01-14 04:33:09'),(842,54,1099,'2018-01-14 04:33:09','2018-01-14 04:33:09'),(843,54,1100,'2018-01-14 04:33:09','2018-01-14 04:33:09'),(844,54,1101,'2018-01-14 04:33:09','2018-01-14 04:33:09'),(845,54,1102,'2018-01-14 04:33:09','2018-01-14 04:33:09'),(846,54,1103,'2018-01-14 04:33:09','2018-01-14 04:33:09'),(847,54,1104,'2018-01-14 04:33:09','2018-01-14 04:33:09'),(848,54,1105,'2018-01-14 04:33:09','2018-01-14 04:33:09'),(849,54,1106,'2018-01-14 04:33:09','2018-01-14 04:33:09'),(850,54,1107,'2018-01-14 04:33:09','2018-01-14 04:33:09'),(851,54,1108,'2018-01-14 04:33:09','2018-01-14 04:33:09'),(852,54,1109,'2018-01-14 04:33:09','2018-01-14 04:33:09'),(853,54,1110,'2018-01-14 04:33:09','2018-01-14 04:33:09'),(854,54,1111,'2018-01-14 04:33:09','2018-01-14 04:33:09'),(855,54,1112,'2018-01-14 04:33:09','2018-01-14 04:33:09'),(856,54,1113,'2018-01-14 04:33:09','2018-01-14 04:33:09'),(857,54,1114,'2018-01-14 04:33:09','2018-01-14 04:33:09'),(858,54,1115,'2018-01-14 04:33:09','2018-01-14 04:33:09'),(859,54,1116,'2018-01-14 04:33:09','2018-01-14 04:33:09'),(860,54,1117,'2018-01-14 04:33:09','2018-01-14 04:33:09'),(861,54,1118,'2018-01-14 04:33:09','2018-01-14 04:33:09'),(862,54,1119,'2018-01-14 04:33:09','2018-01-14 04:33:09'),(863,54,1120,'2018-01-14 04:33:09','2018-01-14 04:33:09'),(864,29,93,'2018-02-05 13:41:04','2018-02-05 13:41:04'),(865,29,94,'2018-02-06 12:15:42','2018-02-06 12:15:42'),(866,29,95,'2018-02-06 12:20:03','2018-02-06 12:20:03'),(868,35,1138,'2018-02-13 10:50:15','2018-02-13 10:50:15'),(932,59,224,'2018-02-18 12:40:59','2018-02-18 12:40:59'),(933,59,225,'2018-02-18 12:40:59','2018-02-18 12:40:59'),(934,59,226,'2018-02-18 12:40:59','2018-02-18 12:40:59'),(935,59,227,'2018-02-18 12:40:59','2018-02-18 12:40:59'),(936,59,228,'2018-02-18 12:40:59','2018-02-18 12:40:59'),(937,59,229,'2018-02-18 12:40:59','2018-02-18 12:40:59'),(938,59,230,'2018-02-18 12:40:59','2018-02-18 12:40:59'),(939,59,231,'2018-02-18 12:40:59','2018-02-18 12:40:59'),(940,59,232,'2018-02-18 12:40:59','2018-02-18 12:40:59'),(941,59,233,'2018-02-18 12:40:59','2018-02-18 12:40:59'),(942,59,234,'2018-02-18 12:40:59','2018-02-18 12:40:59'),(943,59,235,'2018-02-18 12:40:59','2018-02-18 12:40:59'),(944,59,236,'2018-02-18 12:40:59','2018-02-18 12:40:59'),(945,59,237,'2018-02-18 12:40:59','2018-02-18 12:40:59'),(946,59,238,'2018-02-18 12:40:59','2018-02-18 12:40:59'),(947,59,239,'2018-02-18 12:40:59','2018-02-18 12:40:59'),(948,59,240,'2018-02-18 12:40:59','2018-02-18 12:40:59'),(949,59,241,'2018-02-18 12:40:59','2018-02-18 12:40:59'),(950,59,242,'2018-02-18 12:40:59','2018-02-18 12:40:59'),(951,59,243,'2018-02-18 12:40:59','2018-02-18 12:40:59'),(952,59,244,'2018-02-18 12:40:59','2018-02-18 12:40:59'),(953,59,245,'2018-02-18 12:40:59','2018-02-18 12:40:59'),(954,59,246,'2018-02-18 12:40:59','2018-02-18 12:40:59'),(955,59,247,'2018-02-18 12:40:59','2018-02-18 12:40:59'),(956,59,248,'2018-02-18 12:40:59','2018-02-18 12:40:59'),(957,59,249,'2018-02-18 12:40:59','2018-02-18 12:40:59'),(958,59,250,'2018-02-18 12:40:59','2018-02-18 12:40:59'),(959,59,251,'2018-02-18 12:40:59','2018-02-18 12:40:59'),(960,59,252,'2018-02-18 12:40:59','2018-02-18 12:40:59'),(961,59,253,'2018-02-18 12:40:59','2018-02-18 12:40:59'),(962,59,254,'2018-02-18 12:40:59','2018-02-18 12:40:59'),(963,59,255,'2018-02-18 12:40:59','2018-02-18 12:40:59');
/*!40000 ALTER TABLE `kelas_siswa` ENABLE KEYS */;
UNLOCK TABLES;

--
-- Table structure for table `migration`
--

DROP TABLE IF EXISTS `migration`;
/*!40101 SET @saved_cs_client     = @@character_set_client */;
/*!40101 SET character_set_client = utf8 */;
CREATE TABLE `migration` (
  `version` varchar(180) NOT NULL,
  `apply_time` int(11) DEFAULT NULL,
  PRIMARY KEY (`version`)
) ENGINE=InnoDB DEFAULT CHARSET=utf8mb4;
/*!40101 SET character_set_client = @saved_cs_client */;

--
-- Dumping data for table `migration`
--

LOCK TABLES `migration` WRITE;
/*!40000 ALTER TABLE `migration` DISABLE KEYS */;
INSERT INTO `migration` VALUES ('m000000_000000_base',1532518737),('m140506_102106_rbac_init',1532518739),('m151024_072453_create_route_table',1532518762),('m170907_052038_rbac_add_index_on_auth_assignment_user_id',1532518739);
/*!40000 ALTER TABLE `migration` ENABLE KEYS */;
UNLOCK TABLES;

--
-- Table structure for table `pegawai`
--

DROP TABLE IF EXISTS `pegawai`;
/*!40101 SET @saved_cs_client     = @@character_set_client */;
/*!40101 SET character_set_client = utf8 */;
CREATE TABLE `pegawai` (
  `id` int(11) NOT NULL AUTO_INCREMENT,
  `nama_pegawai` varchar(150) DEFAULT NULL,
  `jabatan` varchar(50) DEFAULT NULL,
  `id_user` int(10) unsigned DEFAULT NULL,
  `created_at` timestamp NULL DEFAULT CURRENT_TIMESTAMP,
  `updated_at` timestamp NULL DEFAULT CURRENT_TIMESTAMP ON UPDATE CURRENT_TIMESTAMP,
  PRIMARY KEY (`id`),
  KEY `FK_pegawai_users` (`id_user`),
  CONSTRAINT `FK_pegawai_users` FOREIGN KEY (`id_user`) REFERENCES `users` (`id`) ON DELETE CASCADE ON UPDATE CASCADE
) ENGINE=InnoDB AUTO_INCREMENT=5 DEFAULT CHARSET=latin1;
/*!40101 SET character_set_client = @saved_cs_client */;

--
-- Dumping data for table `pegawai`
--

LOCK TABLES `pegawai` WRITE;
/*!40000 ALTER TABLE `pegawai` DISABLE KEYS */;
INSERT INTO `pegawai` VALUES (1,'Agung Prabowo','Administrasi',1,'2018-07-25 10:17:40','2018-07-25 10:40:38'),(3,'Wiwit','TU',3,'2018-07-25 12:17:02','2018-07-25 12:17:02'),(4,'Kiki','TU',4,'2018-08-09 13:38:30','2018-08-09 13:44:30');
/*!40000 ALTER TABLE `pegawai` ENABLE KEYS */;
UNLOCK TABLES;

--
-- Table structure for table `pembayaran_pmb`
--

DROP TABLE IF EXISTS `pembayaran_pmb`;
/*!40101 SET @saved_cs_client     = @@character_set_client */;
/*!40101 SET character_set_client = utf8 */;
CREATE TABLE `pembayaran_pmb` (
  `id` int(11) NOT NULL AUTO_INCREMENT,
  `jumlah_pembayaran` int(11) DEFAULT NULL,
  `periode_id` int(11) DEFAULT NULL,
  `siswa_id` int(11) DEFAULT NULL,
  `users_id` int(10) unsigned DEFAULT NULL,
  `jenjang_id` int(11) DEFAULT NULL,
  `no_pendaftaran` int(11) DEFAULT '1',
  `created_at` timestamp NULL DEFAULT CURRENT_TIMESTAMP,
  `updated_at` timestamp NULL DEFAULT NULL,
  PRIMARY KEY (`id`),
  KEY `FK_pembayaran_pmb_periode` (`periode_id`),
  KEY `FK_pembayaran_pmb_siswa` (`siswa_id`),
  KEY `FK_pembayaran_pmb_users` (`users_id`),
  KEY `FK_pembayaran_pmb_jenjang` (`jenjang_id`),
  CONSTRAINT `FK_pembayaran_pmb_jenjang` FOREIGN KEY (`jenjang_id`) REFERENCES `jenjang` (`id`) ON DELETE CASCADE ON UPDATE CASCADE,
  CONSTRAINT `FK_pembayaran_pmb_periode` FOREIGN KEY (`periode_id`) REFERENCES `periode` (`id`),
  CONSTRAINT `FK_pembayaran_pmb_siswa` FOREIGN KEY (`siswa_id`) REFERENCES `siswa` (`id`) ON DELETE CASCADE ON UPDATE CASCADE,
  CONSTRAINT `FK_pembayaran_pmb_users` FOREIGN KEY (`users_id`) REFERENCES `users` (`id`) ON DELETE CASCADE ON UPDATE CASCADE
) ENGINE=InnoDB DEFAULT CHARSET=latin1;
/*!40101 SET character_set_client = @saved_cs_client */;

--
-- Dumping data for table `pembayaran_pmb`
--

LOCK TABLES `pembayaran_pmb` WRITE;
/*!40000 ALTER TABLE `pembayaran_pmb` DISABLE KEYS */;
/*!40000 ALTER TABLE `pembayaran_pmb` ENABLE KEYS */;
UNLOCK TABLES;

--
-- Table structure for table `pembayaran_spi`
--

DROP TABLE IF EXISTS `pembayaran_spi`;
/*!40101 SET @saved_cs_client     = @@character_set_client */;
/*!40101 SET character_set_client = utf8 */;
CREATE TABLE `pembayaran_spi` (
  `id` int(11) NOT NULL AUTO_INCREMENT,
  `jumlah_pembayaran` int(11) DEFAULT NULL,
  `cicilan` int(11) DEFAULT NULL,
  `periode_id` int(11) DEFAULT NULL,
  `siswa_id` int(11) DEFAULT NULL,
  `users_id` int(10) unsigned DEFAULT NULL,
  `created_at` timestamp NULL DEFAULT CURRENT_TIMESTAMP,
  `updated_at` timestamp NULL DEFAULT CURRENT_TIMESTAMP ON UPDATE CURRENT_TIMESTAMP,
  PRIMARY KEY (`id`),
  KEY `FK__periode` (`periode_id`),
  KEY `FK__siswa` (`siswa_id`),
  KEY `FK__users` (`users_id`),
  CONSTRAINT `FK__periode` FOREIGN KEY (`periode_id`) REFERENCES `periode` (`id`) ON DELETE CASCADE ON UPDATE CASCADE,
  CONSTRAINT `FK__siswa` FOREIGN KEY (`siswa_id`) REFERENCES `siswa` (`id`) ON DELETE CASCADE ON UPDATE CASCADE,
  CONSTRAINT `FK__users` FOREIGN KEY (`users_id`) REFERENCES `users` (`id`) ON DELETE CASCADE ON UPDATE CASCADE
) ENGINE=InnoDB DEFAULT CHARSET=latin1;
/*!40101 SET character_set_client = @saved_cs_client */;

--
-- Dumping data for table `pembayaran_spi`
--

LOCK TABLES `pembayaran_spi` WRITE;
/*!40000 ALTER TABLE `pembayaran_spi` DISABLE KEYS */;
/*!40000 ALTER TABLE `pembayaran_spi` ENABLE KEYS */;
UNLOCK TABLES;

--
-- Table structure for table `pembayaran_spp`
--

DROP TABLE IF EXISTS `pembayaran_spp`;
/*!40101 SET @saved_cs_client     = @@character_set_client */;
/*!40101 SET character_set_client = utf8 */;
CREATE TABLE `pembayaran_spp` (
  `id` int(11) NOT NULL AUTO_INCREMENT,
  `periode_id` int(11) DEFAULT NULL,
  `bulan_id` int(11) DEFAULT NULL,
  `siswa_id` int(11) DEFAULT NULL,
  `uraian_id` int(11) DEFAULT NULL,
  `jumlah_pembayaran_spp_id` int(11) DEFAULT NULL,
  `users_id` int(11) unsigned DEFAULT NULL,
  `created_at` timestamp NULL DEFAULT CURRENT_TIMESTAMP,
  `updated_at` timestamp NULL DEFAULT CURRENT_TIMESTAMP ON UPDATE CURRENT_TIMESTAMP,
  PRIMARY KEY (`id`),
  KEY `FK_pembayaran_spp_siswa` (`siswa_id`),
  KEY `FK_pembayaran_spp_periode` (`periode_id`),
  KEY `FK_pembayaran_spp_uraian` (`uraian_id`),
  KEY `FK_pembayaran_spp_bulan` (`bulan_id`),
  KEY `FK_pembayaran_spp_jumlah_pembayaran_spp` (`jumlah_pembayaran_spp_id`),
  KEY `FK_pembayaran_spp_users` (`users_id`),
  CONSTRAINT `FK_pembayaran_spp_bulan` FOREIGN KEY (`bulan_id`) REFERENCES `bulan` (`id`),
  CONSTRAINT `FK_pembayaran_spp_jumlah_pembayaran_spp` FOREIGN KEY (`jumlah_pembayaran_spp_id`) REFERENCES `jumlah_pembayaran_spp` (`id`) ON DELETE CASCADE ON UPDATE CASCADE,
  CONSTRAINT `FK_pembayaran_spp_periode` FOREIGN KEY (`periode_id`) REFERENCES `periode` (`id`) ON DELETE CASCADE ON UPDATE CASCADE,
  CONSTRAINT `FK_pembayaran_spp_siswa` FOREIGN KEY (`siswa_id`) REFERENCES `siswa` (`id`) ON DELETE CASCADE ON UPDATE CASCADE,
  CONSTRAINT `FK_pembayaran_spp_uraian` FOREIGN KEY (`uraian_id`) REFERENCES `uraian` (`id`) ON DELETE CASCADE ON UPDATE CASCADE,
  CONSTRAINT `FK_pembayaran_spp_users` FOREIGN KEY (`users_id`) REFERENCES `users` (`id`)
) ENGINE=InnoDB DEFAULT CHARSET=latin1;
/*!40101 SET character_set_client = @saved_cs_client */;

--
-- Dumping data for table `pembayaran_spp`
--

LOCK TABLES `pembayaran_spp` WRITE;
/*!40000 ALTER TABLE `pembayaran_spp` DISABLE KEYS */;
/*!40000 ALTER TABLE `pembayaran_spp` ENABLE KEYS */;
UNLOCK TABLES;

--
-- Table structure for table `periode`
--

DROP TABLE IF EXISTS `periode`;
/*!40101 SET @saved_cs_client     = @@character_set_client */;
/*!40101 SET character_set_client = utf8 */;
CREATE TABLE `periode` (
  `id` int(11) NOT NULL AUTO_INCREMENT,
  `awal_periode` date DEFAULT NULL,
  `akhir_periode` date DEFAULT NULL,
  `tahun_periode` year(4) DEFAULT NULL,
  `status` enum('0','1') NOT NULL DEFAULT '0',
  `created_at` datetime NOT NULL DEFAULT CURRENT_TIMESTAMP,
  `updated_at` datetime NOT NULL DEFAULT CURRENT_TIMESTAMP ON UPDATE CURRENT_TIMESTAMP,
  PRIMARY KEY (`id`)
) ENGINE=InnoDB AUTO_INCREMENT=8 DEFAULT CHARSET=latin1;
/*!40101 SET character_set_client = @saved_cs_client */;

--
-- Dumping data for table `periode`
--

LOCK TABLES `periode` WRITE;
/*!40000 ALTER TABLE `periode` DISABLE KEYS */;
INSERT INTO `periode` VALUES (1,'2016-03-07','2017-04-06',2017,'0','2017-09-14 22:12:06','2018-08-29 20:06:57'),(2,'2017-07-17','2018-06-18',2018,'0','2017-10-02 14:05:54','2018-08-31 11:06:31'),(3,'2018-07-01','2019-06-02',2019,'1','2017-10-03 14:18:40','2018-08-31 11:06:31'),(4,'2019-07-01','2020-07-05',2020,'0','2017-10-15 22:44:00','2018-08-01 14:18:34'),(5,'2020-07-01','2021-06-01',2021,'0','2018-02-15 10:31:37','2018-07-29 16:50:00'),(7,'2022-06-07','2023-07-07',2023,'0','2018-08-28 21:20:25','2018-08-28 21:20:25');
/*!40000 ALTER TABLE `periode` ENABLE KEYS */;
UNLOCK TABLES;

--
-- Table structure for table `route`
--

DROP TABLE IF EXISTS `route`;
/*!40101 SET @saved_cs_client     = @@character_set_client */;
/*!40101 SET character_set_client = utf8 */;
CREATE TABLE `route` (
  `name` varchar(64) COLLATE utf8_unicode_ci NOT NULL DEFAULT '',
  `alias` varchar(64) COLLATE utf8_unicode_ci NOT NULL,
  `type` varchar(64) COLLATE utf8_unicode_ci NOT NULL,
  `status` smallint(6) NOT NULL DEFAULT '1',
  PRIMARY KEY (`name`)
) ENGINE=InnoDB DEFAULT CHARSET=utf8 COLLATE=utf8_unicode_ci;
/*!40101 SET character_set_client = @saved_cs_client */;

--
-- Dumping data for table `route`
--

LOCK TABLES `route` WRITE;
/*!40000 ALTER TABLE `route` DISABLE KEYS */;
INSERT INTO `route` VALUES ('/*','*','',1),('/debug/*','*','debug',1),('/debug/default/*','*','debug/default',1),('/debug/default/db-explain','db-explain','debug/default',1),('/debug/default/download-mail','download-mail','debug/default',1),('/debug/default/index','index','debug/default',1),('/debug/default/toolbar','toolbar','debug/default',1),('/debug/default/view','view','debug/default',1),('/debug/user/*','*','debug/user',1),('/debug/user/reset-identity','reset-identity','debug/user',1),('/debug/user/set-identity','set-identity','debug/user',1),('/gii/*','*','gii',1),('/gii/default/*','*','gii/default',1),('/gii/default/action','action','gii/default',1),('/gii/default/diff','diff','gii/default',1),('/gii/default/index','index','gii/default',1),('/gii/default/preview','preview','gii/default',1),('/gii/default/view','view','gii/default',1),('/gridview/*','*','gridview',1),('/gridview/export/*','*','gridview/export',1),('/gridview/export/download','download','gridview/export',1),('/jenjang/*','*','jenjang',1),('/jenjang/create','create','jenjang',1),('/jenjang/delete','delete','jenjang',1),('/jenjang/index','index','jenjang',1),('/jenjang/update','update','jenjang',1),('/jenjang/view','view','jenjang',1),('/kelas/*','*','kelas',1),('/kelas/create','create','kelas',1),('/kelas/delete','delete','kelas',1),('/kelas/index','index','kelas',1),('/kelas/update','update','kelas',1),('/kelas/view','view','kelas',1),('/mimin/*','*','mimin',1),('/mimin/role/*','*','mimin/role',1),('/mimin/role/create','create','mimin/role',1),('/mimin/role/delete','delete','mimin/role',1),('/mimin/role/index','index','mimin/role',1),('/mimin/role/permission','permission','mimin/role',1),('/mimin/role/update','update','mimin/role',1),('/mimin/role/view','view','mimin/role',1),('/mimin/route/*','*','mimin/route',1),('/mimin/route/create','create','mimin/route',1),('/mimin/route/delete','delete','mimin/route',1),('/mimin/route/generate','generate','mimin/route',1),('/mimin/route/index','index','mimin/route',1),('/mimin/route/update','update','mimin/route',1),('/mimin/route/view','view','mimin/route',1),('/mimin/user/*','*','mimin/user',1),('/mimin/user/create','create','mimin/user',1),('/mimin/user/delete','delete','mimin/user',1),('/mimin/user/index','index','mimin/user',1),('/mimin/user/update','update','mimin/user',1),('/mimin/user/view','view','mimin/user',1),('/pembayaran-pmb/*','*','pembayaran-pmb',1),('/pembayaran-pmb/create','create','pembayaran-pmb',1),('/pembayaran-pmb/delete','delete','pembayaran-pmb',1),('/pembayaran-pmb/index','index','pembayaran-pmb',1),('/pembayaran-pmb/update','update','pembayaran-pmb',1),('/pembayaran-pmb/view','view','pembayaran-pmb',1),('/pembayaran-spi/*','*','pembayaran-spi',1),('/pembayaran-spi/create','create','pembayaran-spi',1),('/pembayaran-spi/delete','delete','pembayaran-spi',1),('/pembayaran-spi/index','index','pembayaran-spi',1),('/pembayaran-spi/update','update','pembayaran-spi',1),('/pembayaran-spi/view','view','pembayaran-spi',1),('/pembayaran-spp/*','*','pembayaran-spp',1),('/pembayaran-spp/create','create','pembayaran-spp',1),('/pembayaran-spp/delete','delete','pembayaran-spp',1),('/pembayaran-spp/index','index','pembayaran-spp',1),('/pembayaran-spp/update','update','pembayaran-spp',1),('/pembayaran-spp/view','view','pembayaran-spp',1),('/periode/*','*','periode',1),('/periode/create','create','periode',1),('/periode/delete','delete','periode',1),('/periode/index','index','periode',1),('/periode/status','status','periode',1),('/periode/update','update','periode',1),('/periode/view','view','periode',1),('/siswa/*','*','siswa',1),('/siswa/create','create','siswa',1),('/siswa/delete','delete','siswa',1),('/siswa/index','index','siswa',1),('/siswa/update','update','siswa',1),('/siswa/view','view','siswa',1),('/site/*','*','site',1),('/site/about','about','site',1),('/site/captcha','captcha','site',1),('/site/contact','contact','site',1),('/site/error','error','site',1),('/site/index','index','site',1),('/site/login','login','site',1),('/site/logout','logout','site',1),('/slip-pembayaran/*','*','slip-pembayaran',1),('/slip-pembayaran/create','create','slip-pembayaran',1),('/slip-pembayaran/delete','delete','slip-pembayaran',1),('/slip-pembayaran/index','index','slip-pembayaran',1),('/slip-pembayaran/update','update','slip-pembayaran',1),('/slip-pembayaran/view','view','slip-pembayaran',1),('/uraian/*','*','uraian',1),('/uraian/create','create','uraian',1),('/uraian/delete','delete','uraian',1),('/uraian/index','index','uraian',1),('/uraian/update','update','uraian',1),('/uraian/view','view','uraian',1),('/users/*','*','users',1),('/users/create','create','users',1),('/users/delete','delete','users',1),('/users/index','index','users',1),('/users/update','update','users',1),('/users/view','view','users',1);
/*!40000 ALTER TABLE `route` ENABLE KEYS */;
UNLOCK TABLES;

--
-- Table structure for table `siswa`
--

DROP TABLE IF EXISTS `siswa`;
/*!40101 SET @saved_cs_client     = @@character_set_client */;
/*!40101 SET character_set_client = utf8 */;
CREATE TABLE `siswa` (
  `id` int(11) NOT NULL AUTO_INCREMENT,
  `jenjang_id` int(11) NOT NULL DEFAULT '0',
  `no_induk` varchar(50) DEFAULT NULL,
  `nisn` varchar(15) DEFAULT NULL,
  `nama_siswa` varchar(100) DEFAULT NULL,
  `alamat` varchar(255) DEFAULT NULL,
  `nama_ortu` varchar(100) DEFAULT NULL,
  `no_tlp` varchar(20) DEFAULT NULL,
  `tahun_masuk` year(4) DEFAULT NULL,
  `selisih` tinyint(1) NOT NULL DEFAULT '0',
  `status` tinyint(1) NOT NULL DEFAULT '1',
  `created_at` timestamp NOT NULL DEFAULT CURRENT_TIMESTAMP,
  `updated_at` timestamp NOT NULL DEFAULT CURRENT_TIMESTAMP ON UPDATE CURRENT_TIMESTAMP,
  PRIMARY KEY (`id`),
  KEY `FK_siswa_jenjang` (`jenjang_id`),
  CONSTRAINT `FK_siswa_jenjang` FOREIGN KEY (`jenjang_id`) REFERENCES `jenjang` (`id`) ON UPDATE CASCADE
) ENGINE=InnoDB AUTO_INCREMENT=1174 DEFAULT CHARSET=latin1;
/*!40101 SET character_set_client = @saved_cs_client */;

--
-- Dumping data for table `siswa`
--

LOCK TABLES `siswa` WRITE;
/*!40000 ALTER TABLE `siswa` DISABLE KEYS */;
INSERT INTO `siswa` VALUES (92,2,'1234','14141414','ADELLA KHAIRUL SARAGIH','JL. SINGA VI NO. 4','MASRUL SARAGIH','08126383839',2017,0,1,'2018-01-12 03:22:14','2018-01-16 01:52:48'),(93,2,'1842','','BRIENLY ADREENA MARSHA','JL. MERPATI III NO. 1 D','SOLECHUDIN','082292291920',2017,0,1,'2018-01-12 03:22:14','2018-01-12 03:22:14'),(94,2,'1845','','DANENDRA NOVALINO','REJOSARI GUMUK A1 NO. 1','AGUS PRASTYJO','082221888971',2017,0,1,'2018-01-12 03:22:14','2018-01-12 03:22:14'),(95,2,'1851','','FAADYA ASSYABIYA SABRINA','JL. KALICARI III NO. 4 A3','SABRIAWAN','081326100653',2017,0,1,'2018-01-12 03:22:14','2018-01-12 03:22:14'),(96,2,'1855','','FAYZA DZAKIYA ASKANA SAKHI','JL. SENDANGSARI III NO. 1','HENDRA EDI WIBOWO','081336505034',2017,0,1,'2018-01-12 03:22:14','2018-01-12 03:22:14'),(97,2,'1856','','FLORENZI ARKAN FADLITSCKY','JL. BLEDAK ANGGUR II NO. 19','USMAN FADLI','085800323250',2017,0,1,'2018-01-12 03:22:14','2018-01-12 03:22:14'),(98,2,'1863','','JANETRA RAFFARDHAN SAIFULLAH','JL. SERUNI III NO. 16','DHIMAS SAIFULLAH ADHI',NULL,2017,0,1,'2018-01-12 03:22:14','2018-01-12 03:22:14'),(99,2,'1864','','JIHAN TALITA SAKHI SETIAWAN','JL. BERUANG RAYA NO. 20-A','DEDI SETIAWAN','085290250022',2017,0,1,'2018-01-12 03:22:14','2018-01-12 03:22:14'),(100,2,'1971','','MICCO BINTANG','JL. TAMAN BUKIT TIRTA NO. 8','EKO SUPRIYANTO','082227832220',2017,0,1,'2018-01-12 03:22:15','2018-01-12 03:22:15'),(101,2,'1874','','MIQAELA IVANA ALGOJALI','PERUM WOLTERMONGINSIDI BARU BLOK E NO. 39','ARI GOJALY','082136472074',2017,0,1,'2018-01-12 03:22:15','2018-01-12 03:22:15'),(102,2,'1879','','MUHAMMAD FAKHRI ZAKY','JL. MAHESA MUKTI I NO. A-7','DIMAH ADHIKA PRADHANA','085640666064',2017,0,1,'2018-01-12 03:22:15','2018-01-12 03:22:15'),(103,2,'1882','','NAJENDRA WISTARA WIRASENA','JL. SINAR LESTARI INDAH B-6','ASEP AWANDIYANTO',NULL,2017,0,1,'2018-01-12 03:22:15','2018-01-12 03:22:15'),(104,2,'1884','','NAURA RANIA PRAMUDITA HARTANTO','JL. SENDANGSARI III NO. 1','BUDI HARTANTO','085290065109',2017,0,1,'2018-01-12 03:22:15','2018-01-12 03:22:15'),(105,2,'1889','','RAISHA JANEETA ASHANTY BUWONO','JL. MAHESA RAYA NO. 3','SINGGIH ABDI BUWONO','08112885234',2017,0,1,'2018-01-12 03:22:15','2018-01-12 03:22:15'),(106,2,'1891','','RAZA FIKRI WICAKSONO','JL. TEJOKUSUMO III NO. 11','HERLAMBANG SEPTIAJI',NULL,2017,0,1,'2018-01-12 03:22:15','2018-01-12 03:22:15'),(107,2,'1895','','SRI DZULQAIDAH ADHARA SUNUSI','JL. SINGA TENGAH II NO. 21','SAHABUDDIN SUNUSI',NULL,2017,0,1,'2018-01-12 03:22:15','2018-01-12 03:22:15'),(108,2,'1898','','YUSUF GILANG IMAMUDDIN','JL. MENJANGAN II NO. 47','ZAHLUL AZHARI','081228571974',2017,0,1,'2018-01-12 03:22:15','2018-01-12 03:22:15'),(109,2,'1835','','AHMAD ZAKI LUTHFI MAHASIN','JL. DR. MUWARDI NO. 3','RIZAL ACHMAD BADOWI','085740171733',2017,0,1,'2018-01-12 03:34:08','2018-01-12 03:34:08'),(110,2,'1838','','ALYSSA AQILAH SYAHLANA','JL. TIRTOMUKTI RAYA NO. 980','SENTOT SUGIARTONO',NULL,2017,0,1,'2018-01-12 03:34:08','2018-01-12 03:34:08'),(111,2,'1849','','DHIA AFRIZA ENDY RAMADHANI','JL. SUPRIYADI NO. 24','WALUYO HADI','081390670122',2017,0,1,'2018-01-12 03:34:08','2018-01-12 03:34:08'),(112,2,'1852','','FAKHRIE ZHAFRAN KHAIRY','JL. SINGA UTARA DALAM NO. 65','DINUL KANIF','08122837493',2017,0,1,'2018-01-12 03:34:09','2018-01-12 03:34:09'),(113,2,'1853','','FARADILLAH AULIA THOHIR','PALEBON','ADI JUNANDAR','0816669771',2017,0,1,'2018-01-12 03:34:09','2018-01-12 03:34:09'),(114,2,'1860','','HANIA SYAKIRA RAFA','JL. KAUMAN II NO. 8','YAZID KURNIAWAN','085327728011',2017,0,1,'2018-01-12 03:34:09','2018-01-12 03:34:09'),(115,2,'1862','','IQBAL MAULANA ARFA ATHARREZA','DEMPEL BARU PERMATA KAV. 95','ABDUL KHOLIK','081325588866',2017,0,1,'2018-01-12 03:34:09','2018-01-12 03:34:09'),(116,2,'1866','','KANZA ZAHRA RAMADHANI','JL. BERUANG RAYA I NO. 36','KRIS DWI HANDOKO','085876706485',2017,0,1,'2018-01-12 03:34:09','2018-01-12 03:34:09'),(117,2,'1869','','MALVIN AHIMSA BAYANAKA','JL. BLEDAK ANGGUR II NO. 41','PRIYATMOKO','085641076563',2017,0,1,'2018-01-12 03:34:09','2018-01-12 03:34:09'),(118,2,'1972','','MIKE ORLEAN FILANO','JL. PARANG KUSUMO VIII NO. 22','CHALIS FILANI','081228519898',2017,0,1,'2018-01-12 03:34:09','2018-01-12 03:34:09'),(119,2,'1881','','MUHAMMAD RASYA ATHALLA','JL. LAMPER TENGAH IV NO. 6','MR. NAWAWI AT.','02486456165',2017,0,1,'2018-01-12 03:34:09','2018-01-12 03:34:09'),(120,2,'1883','','NARRARYA SAKTIPUTRIMAHARDIKA','JL. TLOGOSARI SELATAN NO. C-5','PUTRO NEGORO REKTHOSETHO','081325439888',2017,0,1,'2018-01-12 03:34:09','2018-01-12 03:34:09'),(121,2,'1887','','RACHMAD ALIF MUMTAZ','PERUM BPD I NO. B-4','IRWAN ANUGERAH PERDANA',NULL,2017,0,1,'2018-01-12 03:34:09','2018-01-12 03:34:09'),(122,2,'1888','','RAFKHA ADILA DHIMITRI','JL. PARANG BARONG I NO. 9','ADITYA NANANG PRATAMA','081252525239',2017,0,1,'2018-01-12 03:34:09','2018-01-12 03:34:09'),(123,2,'1892','','REYHAN MEIKA ADITHYA','JL. SINGA I NO. 1','ANANG YUNI MASRUDI','08122932960',2017,0,1,'2018-01-12 03:34:09','2018-01-12 03:34:09'),(124,2,'1894','','SORAYA AULIA ZUMNA RAMADHANI','JL. ROGOJEMBANGAN TIMUR','IRAWAN WIDODO','085866228323',2017,0,1,'2018-01-12 03:34:09','2018-01-12 03:34:09'),(125,2,'1839','','ANINDYA SALSABILA MAHESWARI','JL. DR. MUWARDI RAYA NO. 10 A','AMAN SUTRISNO','081325170130',2017,0,1,'2018-01-12 03:42:14','2018-01-12 03:42:14'),(126,2,'1840','','BRAGA ALTAF RAYNENDRA ABIMANYU','JL. TIRTOMUKTI I NO. 998','RONI SURYA HOLLIE SAPUTRA','081805959575',2017,0,1,'2018-01-12 03:42:14','2018-01-12 03:42:14'),(127,2,'1843','','BYAN ALVARO PRANAJAYA SUTANDI','JL. PARANG KUSUMO II NO. 22','ROBET FEBRYANTO SUTANDI','082234411987',2017,0,1,'2018-01-12 03:42:14','2018-01-12 03:42:14'),(128,2,'1847','','DELIA NADARIZKY ARUPADHATU','JL. TRUNTUM III NO. 1','RIO ANDRE TAURAN','082226403631',2017,0,1,'2018-01-12 03:42:14','2018-01-12 03:42:14'),(129,2,'1850','','ELLYZABETH RUMANOV MURYANANDA CAESSAR','JL. KAUMAN BARAT VIII NO. 17','ADDE YULLIUS CAESSAR','082227611916',2017,0,1,'2018-01-12 03:42:14','2018-01-12 03:42:14'),(130,2,'1854','','FATHIR EL MIRZA HASAN','PALEBON','AMIN','08972209453',2017,0,1,'2018-01-12 03:42:14','2018-01-12 03:42:14'),(131,2,'1861','','HUSAIN ABRISAM IED MUBARAK','BANTENG UTARA NO. 9','NOVIAR ANGGA KUSUMA','083842529100',2017,0,1,'2018-01-12 03:42:14','2018-01-12 03:42:14'),(132,2,'1867','','KAYLA SEVITA','JL. TMN SENDANGSARI IV NO. 2','JOSEF TEGUH WIBOWO','089674563456',2017,0,1,'2018-01-12 03:42:14','2018-01-12 03:42:14'),(133,2,'1970','','MAULA ATHALIA ZAHEERA','JL. BERUANG RAYA VIII','ROBERT ARMUNANTO PURNA YUDHA','085640505078',2017,0,1,'2018-01-12 03:42:14','2018-01-12 03:42:14'),(134,2,'1873','','MIKO PRABADYASTA','JL. BERUANG DALAM TIMUR I NO. 20','DIDIJ JATMIKO WAHYUDI','08122905157',2017,0,1,'2018-01-12 03:42:14','2018-01-12 03:42:14'),(135,2,'1876','','MOHAMMAD GANESA MAHESWARA','JL. SIDO DRAJAT III NO. 33','HENDY ANGGAR TRISNADI','085742871616',2017,0,1,'2018-01-12 03:42:14','2018-01-12 03:42:14'),(136,2,'1878','','MUHAMMAD AUFAR RASYA','GRAHA SYUHADA REGENCY KAV. 47','MUHAMMAD SUYONO','085866882268',2017,0,1,'2018-01-12 03:42:14','2018-01-12 03:42:14'),(137,2,'1886','','RABANIA SEMESTA RAYA','JL. PANDEAN LAMPER IV','NUR MUHAMMAD','081575200110',2017,0,1,'2018-01-12 03:42:15','2018-01-12 03:42:15'),(138,2,'1893','','SALMAN','JL. SINGA VI NO. 3','SUTOMO',NULL,2017,0,1,'2018-01-12 03:42:15','2018-01-12 03:42:15'),(139,2,'1896','','THERESIA ANANDA SHEINA PUTRI PURDIANTO','JL. SENDANGGUWO','ANGGIT PRASETYA','0895336339201',2017,0,1,'2018-01-12 03:42:15','2018-01-12 03:42:15'),(140,2,'1839','','ANINDYA SALSABILA MAHESWARI','JL. DR. MUWARDI RAYA NO. 10 A','AMAN SUTRISNO','081325170130',2017,0,1,'2018-01-12 03:42:15','2018-01-12 03:42:15'),(141,2,'1836','','ALMIRA LUTFIANA PUTRI','JL. KAUMAN VII NO. 2','ARIEF KURNIAWAN','085740638398',2017,0,1,'2018-01-12 03:57:23','2018-01-12 03:57:23'),(142,2,'1837','','ALYSHA YASMINE MAHARDIKA','KOMPLEK MUTIARA SUPRIYADI','ALAIN STHEPANO MAHARDIKA','085251613488',2017,0,1,'2018-01-12 03:57:23','2018-01-12 03:57:23'),(143,2,'1844','','DANENDRA NAUFAL PUTRA ANNANTA','JL. MENJANGAN DALAM RAYA NO. 17','AYYUB NOER ANNANTA','08156503074',2017,0,1,'2018-01-12 03:57:23','2018-01-12 03:57:23'),(144,2,'1846','','DANESHA SYAQILLA RAYNELLE','JL. MENJANGAN II NO. 20','TRI FITRIANTO NUGROHO','081230230300',2017,0,1,'2018-01-12 03:57:23','2018-01-12 03:57:23'),(145,2,'1848','','DESVINA ALEA FIRZANI','JL. TLOGOSARI RAYA I NO. 50','REZA PUTRA AKUARISTA','08122513608',2017,0,1,'2018-01-12 03:57:23','2018-01-12 03:57:23'),(146,2,'1857','','FRANCO SHINJI IZZATA','JL. SINGA V NO. 118','SALMONO',NULL,2017,0,1,'2018-01-12 03:57:23','2018-01-12 03:57:23'),(147,2,'1858','','GHAIDA SYAFWA IZZATUNISSA','JL. GUSTI PUTRI II NO. 4','NURYANTO ISNA PUTRA','08156634423',2017,0,1,'2018-01-12 03:57:23','2018-01-12 03:57:23'),(148,2,'1859','','GITALIS DWI PERMATA','JL. BAWANGAN','MUNDIRIN','087700666073',2017,0,1,'2018-01-12 03:57:24','2018-01-12 03:57:24'),(149,2,'1865','','KAESANG RAKABUMING','PANDANWANGI TENGAH III NO. D-27','DWI WIYANA',NULL,2017,0,1,'2018-01-12 03:57:24','2018-01-12 03:57:24'),(150,2,'1868','','KHANSA AULIA IZZATULMAHYA','JL. SENDANG UTARA III','MOH. SHOLIKHIN','082138261303',2017,0,1,'2018-01-12 03:57:24','2018-01-12 03:57:24'),(151,2,'1875','','MOCH. WIRGA FIRLI PRATAMA','JL. MEDOHO I GANG 3','UKASAH LEGA PRAMUDYA','082134652264',2017,0,1,'2018-01-12 03:57:24','2018-01-12 03:57:24'),(152,2,'1877','','MUHAMMAD ALAWI FIRDAUS','KALIBARI TIMUR','NURDIN','081227120025',2017,0,1,'2018-01-12 03:57:24','2018-01-12 03:57:24'),(153,2,'1880','','MUHAMMAD IRBA AL FAYADH','JL. BERUANG DALAM BARAT VI NO. 2','DIAN WAHYUDI','085225000022',2017,0,1,'2018-01-12 03:57:24','2018-01-12 03:57:24'),(154,2,'1885','','NAVIRA ANDELA RSITIYANTI','JL. PALEBON TENGAH RAYA III','A. BUDHI RIYANTO','081901092249',2017,0,1,'2018-01-12 03:57:24','2018-01-12 03:57:24'),(155,2,'1890','','RASKA ABRIZAM ALFARESQI','JL. TAMAN GIRI MUKTI BARAT II NO. 194','MUHAMMAD SAHRI','085640084710',2017,0,1,'2018-01-12 03:57:24','2018-01-12 03:57:24'),(156,2,'1897','','VIKRAM ARYA MULIA','JL. BLEDAK ANGGUR III NO. 11','WAHYU SURYO LEKSONO',NULL,2017,0,1,'2018-01-12 03:57:24','2018-01-12 03:57:24'),(157,2,'0121770463','','ALIA ZARA AQIELA','JL. GAYAMSARI VI NO. 7','ALI ZULKIFLI',NULL,2016,0,1,'2018-01-12 04:10:54','2018-01-12 04:10:54'),(158,2,NULL,'','ALIYA NIRWASITA AZKADINA','JL. MUWARDI TIMUR RAYA NO. 20-A','SULTAN HATTA','08122578605',2016,0,1,'2018-01-12 04:10:54','2018-01-12 04:10:54'),(159,2,'0111064138','','ANDANA ZAKY MAULANA','DS. KWARON','WIDARTO','085606660606',2016,0,1,'2018-01-12 04:10:55','2018-01-12 04:10:55'),(160,2,'0123742826','','ANNORA BAYYINA CALLYSTA','JL. SINGA UTARA NO. 53','ARIYO SETO WIBOWO',NULL,2016,0,1,'2018-01-12 04:10:55','2018-01-12 04:10:55'),(161,2,'0128211095','','ARETA ASYFARA PUTERI','JL. MLATI BARU I NO. 14','MAHATMA EDY INDRIYA','087700082123',2016,0,1,'2018-01-12 04:10:55','2018-01-12 04:10:55'),(162,2,'0114787843','','ARSENIO DZAKA PUTRA PRASETYA','JL. PARANG KESIT III NO. 14','IMAM PRASETYA',NULL,2016,0,1,'2018-01-12 04:10:55','2018-01-12 04:10:55'),(163,2,'0118058087','','ARYO BAYU AJI PAMUNGKAS','JL. KAUMAN II NO. 10 B','PRASTOWO ARIEF PUTRANTO','081390548356',2016,0,1,'2018-01-12 04:10:55','2018-01-12 04:10:55'),(164,2,'0125397945','','DENISH LUKITO WIBOWO','JL. SENDANG UTARA II NO. 21','ADITYO WIBOWO','085640523999',2016,0,1,'2018-01-12 04:10:55','2018-01-12 04:10:55'),(165,2,NULL,'','FIDEL SACHIO DANISWARA AL AZIZ','PERUM GRAHA MUKTI RESIDENCE NO. 10','AZHAR AZIZ','081575000783',2016,0,1,'2018-01-12 04:10:55','2018-01-12 04:10:55'),(166,2,'0119790493','','MIRZA ZAKI FADLURRAHMAN','PERUM DOLOG BLOK K-182','AGUS JUMADI SOLEH',NULL,2016,0,1,'2018-01-12 04:10:55','2018-01-12 04:10:55'),(167,2,'0121464586','','MUHAMMAD ANUGERAH PUTRAWIRA YALAYUDA','JL. GAYAMSARI V','YUDA PONCO ARI PURWONINGTYAS','085866424280',2016,0,1,'2018-01-12 04:10:55','2018-01-12 04:10:55'),(168,2,'0121015636','','MUHAMMAD WAHYU RIDHWAN','JL. WAHYU TEMURUN VI NO. 5','KARSONO','085225270606',2016,0,1,'2018-01-12 04:10:55','2018-01-12 04:10:55'),(169,2,'0127303696','','NAGATA SURYO KUSUMO','JL. MT. HARYONO I NO. 2','ADI KUSUMAH',NULL,2016,0,1,'2018-01-12 04:10:55','2018-01-12 04:10:55'),(170,2,'0125917588','','NATALYSA PUTRI PANGGIH ZAHRO','JL. BERUANG DALAM BARAT V NO. 12','SULIANTO',NULL,2016,0,1,'2018-01-12 04:10:55','2018-01-12 04:10:55'),(171,2,'0127127968','','NAYA NADA NAFIA','JL. GANESHA UTARA III NO. 331','BAMBANG AGUS SULISTIYANTO',NULL,2016,0,1,'2018-01-12 04:10:55','2018-01-12 04:10:55'),(172,2,'0122541970','','NAYARA ANINDITA KIRANA','KL. PARANG KEMBANG II NO. 4','DONNY MAHABARA EKA PUTRA',NULL,2016,0,1,'2018-01-12 04:10:55','2018-01-12 04:10:55'),(173,2,'0122799323','','RASYA MAULA HUZAIFAH','JL. GALAR IV NO. 16','SIGIT SETIYANTO',NULL,2016,0,1,'2018-01-12 04:10:55','2018-01-12 04:10:55'),(174,2,'0125384184','','RIZKY AKBAR SATRIJONO','GRIYA ARTERI MBARU NO. 110','PUNGKY BANGUN SATRIJONO','08156555445',2016,0,1,'2018-01-12 04:10:55','2018-01-12 04:10:55'),(175,2,'0119101804','','RORO DARA AYUNINGTYAS','JL. SENDANG UTARA III NO. 17','R. MOCHAMAD TEGUH SOEGIARTO','081325533942',2016,0,1,'2018-01-12 04:10:56','2018-01-12 04:10:56'),(176,2,'0125867629','','SYAKIRANA NAYSA AURELIA','JL. GALAR VII NO. 20','HEPPY ADE KRISTYONO','085640548746',2016,0,1,'2018-01-12 04:10:56','2018-01-12 04:10:56'),(177,2,'0123815792','','AISHA RAHMANIA AQILA','JL. CINDE SELATAN NO. 18','HARYANTO',NULL,2016,0,1,'2018-01-12 04:15:19','2018-01-12 04:15:19'),(178,2,'0111542001','','ALISHA IDRIS NUR AZ-ZAYYAN','JL. SERUNI XI NO. 19','FIRSON IDRIS',NULL,2016,0,1,'2018-01-12 04:15:19','2018-01-12 04:15:19'),(179,2,'0126865863','','AZKA RAFFANDA','JL. GAYAMSARI IV','ADI SUSENO','085727871000',2016,0,1,'2018-01-12 04:15:19','2018-01-12 04:15:19'),(180,2,'0121524540','','BAIHAQI \'ALIYYF','KLIPANG PESEONA ASRI III BLOK E NO. 41 A','FAIZAL NUGROHO','081390484824',2016,0,1,'2018-01-12 04:15:19','2018-01-12 04:15:19'),(181,2,'0111032660','','DANENDRA ALVARO HAMIZAN','JL. BLEDAK KANTIL V NO. 58','NUR DWI MAWARNO',NULL,2016,0,1,'2018-01-12 04:15:19','2018-01-12 04:15:19'),(182,2,'0127769677','','DANISH ATHAYA SETIAWAN','JL. BERUANG RAYA VII NO. 36','DEDI SETIAWAN',NULL,2016,0,1,'2018-01-12 04:15:19','2018-01-12 04:15:19'),(183,2,'0115037480','','DIMAS NARARYA WICAKSONO','JL. BERUANG DALAM TIMUR II NO. 16','WIWIK YUNARKO',NULL,2016,0,1,'2018-01-12 04:15:19','2018-01-12 04:15:19'),(184,2,'0125224472','','GILLBY MALEEQ JIBRANI','JL. GAYAMSARI I GG I NO. 1','MUCHAMAD TOFIQ HIDAYAT','082225701550',2016,0,1,'2018-01-12 04:15:19','2018-01-12 04:15:19'),(185,2,'0113431407','','MIRZA NURIA FERNANDO TORRES','JL. SOEKARNO HATTA NO. 176-A','MUHAMMAD NUROHIM',NULL,2016,0,1,'2018-01-12 04:15:20','2018-01-12 04:15:20'),(186,2,'0128638784','','MUHAMMAD ARVI RABBANI','JL. SEKAR JAGAD I NO. 37','AGUS RAHMAT BUDIYANTO',NULL,2016,0,1,'2018-01-12 04:15:20','2018-01-12 04:15:20'),(187,2,'0113300442','','MUHAMMAD RAIHAN DWI KURNIAWAN','GRIYA SYUHADA UTARA NO. 2','PUJO SULISTIYONO',NULL,2016,0,1,'2018-01-12 04:15:20','2018-01-12 04:15:20'),(188,2,'0125899160','','PARAMITHA GALUH LARASATI','PESONA ASRI I NO. B-1','SUPRIYANTO',NULL,2016,0,1,'2018-01-12 04:15:20','2018-01-12 04:15:20'),(189,2,'0128490433','','PRADIPTA MULIA RIFAT','JL. BERUANG RAYA VII NO. 1','DANIES SADONO',NULL,2016,0,1,'2018-01-12 04:15:20','2018-01-12 04:15:20'),(190,2,'0122320835','','RAFADITYA ZALENDRA SUSANTO','PERUM GRIYA ARTERI BARU CLUSTER B-1','EDDY SUSANTO WIBOWO',NULL,2016,0,1,'2018-01-12 04:15:20','2018-01-12 04:15:20'),(191,2,'0126506479','','RAFIF GIBRAN FAHREZI','JL. PARANG SARPO IV NO. 9','DEDI RAKHMADI',NULL,2016,0,1,'2018-01-12 04:15:20','2018-01-12 04:15:20'),(192,2,'0116974361','','RAYYAN ZAKIY ADABI','JL. SENDANGSARI UTARA III NO. 32','ARIF SULISTIYONO',NULL,2016,0,1,'2018-01-12 04:15:20','2018-01-12 04:15:20'),(193,2,'0116273464','','REVALINA NAJWA ALKA PUTRI','JL. SINGA IV NO. 90','REYNALDI HIKRAM',NULL,2016,0,1,'2018-01-12 04:15:20','2018-01-12 04:15:20'),(194,2,'0121906759','','SHAKEELA AQEELA AKMALIA DEWI','JL. TAMAN MAHESA MUKTI I NO. 385','BANDOT WAHYU WIDYOPRAKOSO',NULL,2016,0,1,'2018-01-12 04:15:20','2018-01-12 04:15:20'),(195,2,'0128598348','','ZAHRA KUMALA YANIAH','PERUM TAMAN KALICARI NO. 7','YAN SETYAWANTO','085649725870',2016,0,1,'2018-01-12 04:15:20','2018-01-12 04:15:20'),(196,2,'0117017886','','ZERLINA EDRIA SUYADI','JL. SENDANGSARI UTARA IX NO. 156','SUYADI',NULL,2016,0,1,'2018-01-12 04:15:20','2018-01-12 04:15:20'),(197,1,'-','-','ABDURROHMAN','SENDANGSARI BARAT V NO. 6','MARIYANTO','085648456577',2017,0,1,'2018-01-12 04:20:55','2018-08-09 12:52:58'),(198,1,'','','ABISATYA RASHAD RAJENDRA','JL. MUWARDI TIMUR RAYA NO. 20 A','SULTAN HATTA','08122578605',2017,0,1,'2018-01-12 04:20:55','2018-01-16 08:07:26'),(199,1,' ','','ADHYASTA RAYHAN PRADITYA','JL. GIRI MUKTI NO. 230','ADITYA SUSMA WIJAYA',NULL,2017,0,1,'2018-01-12 04:20:55','2018-01-16 08:07:32'),(200,1,' ','','AFLAH FADLI MARCELINO','JL. TLOGO MUKTI BARAT I NO. 700','MULYANTO','082136583463',2017,0,1,'2018-01-12 04:20:55','2018-01-16 08:07:31'),(201,1,' ','','AIRA HANIAH ASMA\'','JL. UDAN RIRIS III NO. 74','AGUNG BOWO MUKTI','089531534081',2017,0,1,'2018-01-12 04:20:56','2018-01-16 08:07:33'),(202,1,' ','','ALDEBARAN ATHARIZZ SEANDRIYA','JL. GRAHA MUKTI RESIDENCE NO. 8','ANDRIYANTO','085640058266',2017,0,1,'2018-01-12 04:20:56','2018-01-16 08:07:34'),(203,1,' ','','APTTA YOGIS BRAMANTYA','JL. DEMPEL BARU RAYA III NO. 5','SUSILO TRI HANDOKO','082133512511',2017,0,1,'2018-01-12 04:20:56','2018-01-16 08:07:39'),(204,1,'162','','Ar Razi Maruyama','Jl. Supriyadi','Arief Banyu Adham','083832857770',2017,0,1,'2018-01-12 04:20:56','2018-01-12 04:20:56'),(205,1,' ','','ATTAQIYYA FAHMIDANIA ASHFA','JL. PARANG SARPO II NO. 17','MUHAMMAD FANANI UTOMO','08562694333',2017,0,1,'2018-01-12 04:20:56','2018-01-16 08:07:38'),(206,1,' ','','AUDI BELVANIA LATISHA','JL. BERUANG RAYA VIII NO. 2','EKO ADY SUDIARTO','082166903800',2017,0,1,'2018-01-12 04:20:56','2018-01-16 08:07:40'),(207,1,' ','','CHIKA ALMAIRA ANJALI','JL. BERUANG DALAM TIMUR II NO. 16','WIWIK YUNARKO','081325115657',2017,0,1,'2018-01-12 04:20:56','2018-01-16 08:07:42'),(208,1,' ','','DANISA KIREINA REVITA PUTRI','PRM. GRIYA BUANA BLOK D.8','REMY FAUZI SUPRIYADI','085712411917',2017,0,1,'2018-01-12 04:20:56','2018-01-16 08:07:44'),(209,1,' ','','DEVAIRA SHAQUILLA ROMIYESHA','JL. LUMBUNGSARI V NO. 30','DAVID ROMIYANTO, S.E., M.H','085747779181',2017,0,1,'2018-01-12 04:20:56','2018-01-16 08:07:47'),(210,1,' ','','FABIAN JEKONIA ARZIKI','SENDANGGUWO SELATAN','JOKO SUSILO','083838501972',2017,0,1,'2018-01-12 04:20:56','2018-01-16 08:07:45'),(211,1,'161','','Faith Athaillah Absana','KP. Salak','Teguh Wahyu Prabowo','082137783096',2017,0,1,'2018-01-12 04:20:56','2018-01-12 04:20:56'),(212,1,'148','','Farrel Raditya Putra Susilo','Jl. Sendang Utara III No. 28','Agung Susilo','081901943366',2017,0,1,'2018-01-12 04:20:56','2018-01-12 04:20:56'),(213,1,' ','','GILBY MALEEQ ALVARO SIMANJUNTAK','SENDANGGUWO SELATAN','GERRY ANDREAS','085722282999',2017,0,1,'2018-01-12 04:20:56','2018-01-16 08:07:50'),(214,1,' ','','IFFA KHALISA BALQIS','JL. LINTANG TRENGGONO III NO. 13','I TRISNA PRIYAMBODO','082138091935',2017,0,1,'2018-01-12 04:20:56','2018-01-16 08:07:52'),(215,1,' ','','JABRIEL CHRISWANA PUTRA','JL. TUNJUNG BIRU III NO. 7','RIDLWAN','081802413888',2017,0,1,'2018-01-12 04:20:56','2018-01-16 08:07:51'),(216,1,' ','','JOAKIM DANISH FAIQ','PERUM PANDARAN HILS IV BLOK D NO. 1','ROSNA KHURNIAWAN LAKSANA','081391525977',2017,0,1,'2018-01-12 04:20:56','2018-01-16 08:07:53'),(217,1,' ','','KARINDRA TIFFANY YOFINDA','JL. JATEN GEDE TIMUR III PERM. CEMPAKA','YOGA NINDYANTO PRADIKTA','082138858882',2017,0,1,'2018-01-12 04:20:56','2018-01-16 08:07:54'),(218,1,' ','','MUHAMMAD FAQIH ZAHIRUL AKHNAF','JL. SENDANGGUWO UTARA I','MUHAMMAD KANAFI','081548050071',2017,0,1,'2018-01-12 04:20:57','2018-01-16 08:07:55'),(219,1,' ','','MUHAMMAD NAVID NIRWASITA NUGRAHA','JL. SENDANGSARI II NO. 36','NUGRAHA WIDHI ARYAWAN','085640409696',2017,0,1,'2018-01-12 04:20:57','2018-01-16 08:07:56'),(220,1,' ','','NAISYA PUTRI SELENA','JL. LUMBUNG SARI RAYA NO. 9','ROSSI BASTIAN SURYA PUTRA','095740202477',2017,0,1,'2018-01-12 04:20:57','2018-01-16 08:07:58'),(221,1,' ','','RIZKY MAULANA','JL. BERUANG RAYA VII NO. 1','DANIES SADONO',NULL,2017,0,1,'2018-01-12 04:20:57','2018-01-16 08:07:59'),(222,1,' ','','SHANNAZ NADIZA AQUEENA','JL. GAJAH NO. 26 A','RIZA APRILINO YUDANTO','085865689684',2017,0,1,'2018-01-12 04:20:57','2018-01-16 08:08:00'),(223,1,'158','','Zafira Dominic Reksawardana','Malangsari Cluster II No 5','Michael Adhitya Reksawardhana','081804238000',2017,0,1,'2018-01-12 04:20:57','2018-01-12 04:20:57'),(224,3,'2139','','ABIMANYU SAMBARA','Jl. Sinar Surya II No. 931A','Bambang Sentjaki','082245778972',2017,0,1,'2018-01-12 12:00:13','2018-01-12 12:00:13'),(225,3,'2140','','ALZAM NAFIS MUSBA','Jl. Kauman Barat V No. 19','Musba Hidayat','081372764446',2017,0,1,'2018-01-12 12:00:13','2018-01-12 12:00:13'),(226,3,'2141','','ANDRINA SHAKILA RAMADHANI','Jl. Dempel Baru raya III Kav. 003','Hans Putra Pusaka','089668432696',2017,0,1,'2018-01-12 12:00:13','2018-01-12 12:00:13'),(227,3,'2142','','ANISA FADHILAH SAKHI SUBARKAH','Aspol Kabluk D.44','Taovik Ibnu Subarkah','081340037799',2017,0,1,'2018-01-12 12:00:13','2018-01-12 12:00:13'),(228,3,'2143','','ARETHUSA ARKANA WIJAYA','Jasmine Park J18 / 31 Plamongan Indah','Windy Wijaya Kesuma','087822215229',2017,0,1,'2018-01-12 12:00:13','2018-01-12 12:00:13'),(229,3,'2144','','AUDREY GHASSANI','jl. Tlogo Menjer no. 64, Pondok Indah','Kompol Billy AHB,SIK','081325107000',2017,0,1,'2018-01-12 12:00:13','2018-01-12 12:00:13'),(230,3,'2146','','AZZAHRA CARISSA PUTRI','Jl. Gemah Utara V No. 5','Arip Budi Waluyo','085727140097',2017,0,1,'2018-01-12 12:00:13','2018-01-12 12:00:13'),(231,3,'2147','','CALLYSTA ZIVANA LETISIYA','Jl. Lumbungsari III No. 26','Wajar Adhi Wicaksono',NULL,2017,0,1,'2018-01-12 12:00:13','2018-01-12 12:00:13'),(232,3,'2148','','FABIAN DEWANGGA KUSNAPUTRA','Jl. Arya Mukti Selatan II No. 681','Kusmaryono','0816659340',2017,0,1,'2018-01-12 12:00:13','2018-01-12 12:00:13'),(233,3,'2149','','FATIR PRABASWARA ADLI NUGRAHA','Jl. Parang Kembang X/13 RT.08 RW.20','Suripto','081225022028',2017,0,1,'2018-01-12 12:00:13','2018-01-12 12:00:13'),(234,3,'2150','','GIBRAN MAULANA ATHALLAH','Jl. Tambak Dalam Raya No. 90','Widodo','085741993885',2017,0,1,'2018-01-12 12:00:13','2018-01-12 12:00:13'),(235,3,'2151','','HIMALAYA DHANANJAYA ARTANTO','Jl. Zebra Tengah III No. 1, RT. 06 RW. 05','Herdian Satriyo Artanto','082327772260',2017,0,1,'2018-01-12 12:00:13','2018-01-12 12:00:13'),(236,3,'2152','','HISYAM MOCHAMMAD KAMIL','Plamongan Indah I 8 No. 1','Teguh Sri Widodo,S.T','081390707222',2017,0,1,'2018-01-12 12:00:13','2018-01-12 12:00:13'),(237,3,'2153','','JANEETA GHASANNI','Jl. Wolter Monginsidi Gg. Jaten IF / 1','Nur Teguh Rahayu','08126391249',2017,0,1,'2018-01-12 12:00:13','2018-01-12 12:00:13'),(238,3,'2154','','KHANSA FAIRUS HAFIZAH SUHERMAN','Jl. Kanguru Selatan IX A No. 28','Pangky Candra Hermawan','082240403730',2017,0,1,'2018-01-12 12:00:13','2018-01-12 12:00:13'),(239,3,'2155','','KIDUNG KINANTHI','Jl. Parang Kusumo 3 / 12','Budi Prasetyo','0895570557',2017,0,1,'2018-01-12 12:00:13','2018-01-12 12:00:13'),(240,3,'2157','','MUHAMMAD ARSIL ARSYADANI USMAN','Jl. Sumur Adem Baru No. 36','Usman','081575331124',2017,0,1,'2018-01-12 12:00:13','2018-01-12 12:00:13'),(241,3,'2158','','MUHAMMAD BINTANG AZKIYA NARENDRA ','Dempel Intan IV No. 400','Budi Arindho','085726923619',2017,0,1,'2018-01-12 12:00:13','2018-01-12 12:00:13'),(242,3,'2159','','MUHAMMAD MAULANA DZAKI','Jl. Kelapa Sawit No. 174 Plamongan Indah','Maskur','085290523996',2017,0,1,'2018-01-12 12:00:13','2018-01-12 12:00:13'),(243,3,'2160','','NADHIFA SYAQUILA AZAHRA','Beruang Mas Residence No. C.1','Gatot Supeni,D.S','081329035656',2017,0,1,'2018-01-12 12:00:13','2018-01-12 12:00:13'),(244,3,'2161','','NARAYAN GHANIY VEDA ALAMSYAH','Jl. Sidodrajat III No. 33 , Muktiharjo Kidul','Hendy Anggara Trisnadi','085727384411',2017,0,1,'2018-01-12 12:00:13','2018-01-12 12:00:13'),(245,3,'2162','','NEYLA RIHA\'ADATUL AISYA','Perum. Dempel Perak 4 Kav. 45','Suripan','082262158804',2017,0,1,'2018-01-12 12:00:14','2018-01-12 12:00:14'),(246,3,'2163','','NURRISQI DESHIFA SHEZARIA ZAHRA','Jl. Tlogomulyo II No. 28','Purwanto','081390880828',2017,0,1,'2018-01-12 12:00:14','2018-01-12 12:00:14'),(247,3,'2164','','OCEAN LASKAR FITRIANTO','Jl. Muwardi Raya No. 41','Sugeng Fitrianto','085655024324',2017,0,1,'2018-01-12 12:00:14','2018-01-12 12:00:14'),(248,3,'2165','','PRADIPTA FAZAQI ARNAZ','Klipang Pesona Asri III Blok. G No. 85','Yanuar Arnaz','082136060376',2017,0,1,'2018-01-12 12:00:14','2018-01-12 12:00:14'),(249,3,'2166','','PUTRA RADITYA KUMALA HASAN','Jl. Raya Bougenvile I , Sendang Mulyo','Tri Adhitama Kumala Hasan',NULL,2017,0,1,'2018-01-12 12:00:14','2018-01-12 12:00:14'),(250,3,'2167','','RAESHA QIANA AZHAR','Jl. Telaga Merah No. 3A','Samsul Nahar','085102399364',2017,0,1,'2018-01-12 12:00:14','2018-01-12 12:00:14'),(251,3,'2168','','SALVIA RAISA FAUSTINE','Jl. Dr. Cipto No. 62C','Yogi Prasetiono,S.E.,S.H','08157744728',2017,0,1,'2018-01-12 12:00:14','2018-01-12 12:00:14'),(252,3,'2169','','SATRIA ACHMAD AL-FAHREZA','Jl. Ngablak Indah Raya No. 3','Nanang Eka Budianto','081225657658',2017,0,1,'2018-01-12 12:00:14','2018-01-12 12:00:14'),(253,3,'2170','','SHAFIYA NICSY ALMALETA','Jl. Sapta Prasetya Utara XIV No. 43','Nicco Rumenegge','08562696506',2017,0,1,'2018-01-12 12:00:14','2018-01-12 12:00:14'),(254,3,'2171','','SHAQUILLE AFSAR RADITYA','Perum Dolog Pasadena No. 64','Aditya Priangga Tama','085717145000',2017,0,1,'2018-01-12 12:00:14','2018-01-12 12:00:14'),(255,3,'2172','','SYAFRIEL HANIF MERTOSONO','Perum BPD II No. 26','Chairul Fitrianto Mertosono','081317960042',2017,0,1,'2018-01-12 12:00:14','2018-01-12 12:00:14'),(256,3,'2173','','ACHMAD RAFID EMERALDO ','Jl. Kawung Raya 23','Sisdiarto','08122917457',2017,0,1,'2018-01-12 12:04:46','2018-01-12 12:04:46'),(257,3,'2174','','ADELIO DESTO ALVARO','Jl. Pandanwangi Tengah III / D27','Dwi Wiyana','081225062774',2017,0,1,'2018-01-12 12:04:46','2018-01-12 12:04:46'),(258,3,'2175','','AGHNA MIRZA ATAYA','Jl. Palebon Raya III A No. 42','Agung Nugroho','085799882898',2017,0,1,'2018-01-12 12:04:46','2018-01-12 12:04:46'),(259,3,'2176','','AKIHIKO FIRAS PUTRA ARINTA','Jl. Taman Buah Majapahit No. 8','Arif Nur Rakhim','081226247281',2017,0,1,'2018-01-12 12:04:47','2018-01-12 12:04:47'),(260,3,'2177','','ALICA SAVIOLA RUMBA','Jl. Parang Kusumo X No. 18','Denny Rumba','085641484873',2017,0,1,'2018-01-12 12:04:47','2018-01-12 12:04:47'),(261,3,'2178','','ALIFIA RIZQI ANZANI','Jl. Banget Prasetya V No. 191','Soni Zamzami','08156675824',2017,0,1,'2018-01-12 12:04:47','2018-01-12 12:04:47'),(262,3,'2179','','BALQISH KHANZA HENDYA','Jl. Sidomulyo IV No. 25 Tlogosari','Hendra Agung Yuliyanto','082227557216',2017,0,1,'2018-01-12 12:04:47','2018-01-12 12:04:47'),(263,3,'2180','','BILQIS FAIRUZ AURELLIA','Karang Ingas RT. 3 RW. 16','Sudarto','081325227267',2017,0,1,'2018-01-12 12:04:47','2018-01-12 12:04:47'),(264,3,'2181','','BIMO SENO SETIYO NUGROHO','Jl. Kauman III No. 4','Dodhi Kuncoro Setiyo','081325224400',2017,0,1,'2018-01-12 12:04:47','2018-01-12 12:04:47'),(265,3,'2182','','BRIAN VALENTINO AUBERT','Jl. Murti Flamboyan II No. 76','Ade Nur Pamungkas','082136262626',2017,0,1,'2018-01-12 12:04:47','2018-01-12 12:04:47'),(266,3,'2183','','DANISH ATHARIZZAN RYANKA','Jl. Woltermonginsidi RT. 01 RW. VIII','Agus Riyanto','081357877835',2017,0,1,'2018-01-12 12:04:47','2018-01-12 12:04:47'),(267,3,'2184','','DONNA ANDIRA HARTANTO','Jl. Pesona Raya No. 7','Andreas Budi Hartanto','08122853652',2017,0,1,'2018-01-12 12:04:47','2018-01-12 12:04:47'),(268,3,'2185','','DZAKWAN AHMAD MARZUKI','jl. Kembang jeruk II/17','Marzuki','081326666638',2017,0,1,'2018-01-12 12:04:47','2018-01-12 12:04:47'),(269,3,'2186','','FADEL ALDEVARO RAZZAN','Jl. Tunjung Biru Selatan No. 38','Anharul Huda','08522416999',2017,0,1,'2018-01-12 12:04:47','2018-01-12 12:04:47'),(270,3,'2187','','FADILLA ATIFA AINUN NISA','Jl. Karanganyar RT. 7 RW. XII','Kharla Aji Wahyu Hudaya','087832084545',2017,0,1,'2018-01-12 12:04:47','2018-01-12 12:04:47'),(271,3,'2188','','FAKHRI ATHALLAH PUTRA PRIBADI','Jl. Purwomukti Timur I No. 7 RT. 6 RW. VII','Appien Taufani Pribadi','08122555576',2017,0,1,'2018-01-12 12:04:47','2018-01-12 12:04:47'),(272,3,'2189','','FARAH NATHANIA NAFIAH','Jl. Kapten L. Wiratno No. 23 C','Syamsul Hery Cahyono','08122898029',2017,0,1,'2018-01-12 12:04:47','2018-01-12 12:04:47'),(273,3,'2190','','FARIHA AL HAURA','Jl. Gemah Sari VI No. 99','Muhammad Ikhsan','081390194050',2017,0,1,'2018-01-12 12:04:47','2018-01-12 12:04:47'),(274,3,'2191','','HAFIDZ MAULANA FIRDAUS','Jl. Giri Mukti I No. 110','Slamet Agung','088215578552',2017,0,1,'2018-01-12 12:04:47','2018-01-12 12:04:47'),(275,3,'2192','','HAIKAL ZAKY RIMAWAN',NULL,'Eryawan Budi Haryanto',NULL,2017,0,1,'2018-01-12 12:04:47','2018-01-12 12:04:47'),(276,3,'2193','','HASNA ARVIANA FEBRIANI PUTRI','Jl. Kelinci V No. 31','Vivyantoro Wirawan','085292749119',2017,0,1,'2018-01-12 12:04:47','2018-01-12 12:04:47'),(277,3,'2194','','KAMILIA NAYSA BELLA ','Jl. Taman Cendana Blok AA','Suryo Yudianto','08157685234',2017,0,1,'2018-01-12 12:04:47','2018-01-12 12:04:47'),(278,3,'2195','','KIESHA KHAIRIL AMIRIN NUGROHO',NULL,'Danang Nugroho',NULL,2017,0,1,'2018-01-12 12:04:47','2018-01-12 12:04:47'),(279,3,'2196','','LILA SHARIKHA PURNOMO ','Jl. Parang Sarpo VI No. 16','Murwat Galih Purnomo','085865045580',2017,0,1,'2018-01-12 12:04:47','2018-01-12 12:04:47'),(280,3,'2197','','MIKAILA CHRISWANI PUTRI','Jl. Tunjung Biru III No. 7','Ridlwan','081914428222',2017,0,1,'2018-01-12 12:04:48','2018-01-12 12:04:48'),(281,3,'2198','','MIRELLE ZALFA MAHIRA','Jl. Panda Timur 35','Benny Hidayat Yudowinarno','082173761137',2017,0,1,'2018-01-12 12:04:48','2018-01-12 12:04:48'),(282,3,'2199','','MIRZA BAYU SUSENO','Jl. Tanjungsari 1A.15','Marsigi','081225898100',2017,0,1,'2018-01-12 12:04:48','2018-01-12 12:04:48'),(283,3,'2200','','MUHAMMAD KAYSAN ALHAM GHAISANI ','Perum. Wolter Monginsidi Baru Blok. E-50','Suudi Mut\'im','081318032484',2017,0,1,'2018-01-12 12:04:48','2018-01-12 12:04:48'),(284,3,'2201','','NAYA MYISHA ALUNA','Jl. Fatmawati Pedurungan Kidul IV No. 25A','Muhammad Aminuddin','081225666818',2017,0,1,'2018-01-12 12:04:48','2018-01-12 12:04:48'),(285,3,'2202','','NAYAKA LAUDIAZ YUANTO','Jl. Kembang Jeruk IV No. 6','Suyanto','082133607471',2017,0,1,'2018-01-12 12:04:48','2018-01-12 12:04:48'),(286,3,'2203','','NIZAR BARIQH ASHFA','Jl. Sendang Utara II/13A','Lutfi Malik','085741892203',2017,0,1,'2018-01-12 12:04:48','2018-01-12 12:04:48'),(287,3,'2204','','SHAHRIAR KEANU EFWALLAINARDI','Jl. Sendangguwo Selatan IV RT. 4 RW. IX','Efi Susanto','081215290424',2017,0,1,'2018-01-12 12:04:48','2018-01-12 12:04:48'),(288,3,'2205','','SILMI AYRA NAIFA','Jl. Satrio Wibowo II No. 30','Edy Kholid Mawardi','08122850264',2017,0,1,'2018-01-12 12:04:48','2018-01-12 12:04:48'),(289,3,'2206','','SULTAN FATIH NARENDRATAMA','Jl. Parang Baris VIII No. 45','Novrisal Adi Perdana','085640555225',2017,0,1,'2018-01-12 12:04:48','2018-01-12 12:04:48'),(290,3,'2207','','ABRAR EKA DONNINTRA','Jl. Parang Kusumo VII / No 1','Donni Krestanto',NULL,2017,0,1,'2018-01-12 12:08:11','2018-01-12 12:08:11'),(291,3,'2208','','ABYAN HUMAYUN RIZKY','Jl. Gajah Birowo No. 2','Dwi Rizky Setiyanto',NULL,2017,0,1,'2018-01-12 12:08:11','2018-01-12 12:08:11'),(292,3,'2209','','ADINA NOVINDA HILWANA','Jl. Lumbungsari V No. 20','Arifin',NULL,2017,0,1,'2018-01-12 12:08:11','2018-01-12 12:08:11'),(293,3,'2210','','AISYA NOER ALIA PUTRI','Jl. Pandansari Permai No. 21 RT. 008 RW. 002','Suryo Raharjo',NULL,2017,0,1,'2018-01-12 12:08:11','2018-01-12 12:08:11'),(294,3,'2211','','ANISA ZUHAIRO\' FARZANA KOEN BARRA','Perum. Griya Luhur No. 12','Adhitama Catur Wicaksana','081210005092',2017,0,1,'2018-01-12 12:08:11','2018-01-12 12:08:11'),(295,3,'2212','','AQIL TEGAR ATQA','Jl. Palebon Raya 106','Wakijan','085641037031',2017,0,1,'2018-01-12 12:08:11','2018-01-12 12:08:11'),(296,3,'2213','','ARSYAQ FIKRIY WIDJAYANTO','Jl. Banteng Raya Utara No.22','Iwan Widjayanto','081325667007',2017,0,1,'2018-01-12 12:08:11','2018-01-12 12:08:11'),(297,3,'2214','','FAIRUZ ZIA OKTAVIANA PUTRI','Jl. Medoho I GG. 3 RT. 04 RW. I','Suwanto','081325740044',2017,0,1,'2018-01-12 12:08:11','2018-01-12 12:08:11'),(298,3,'2215','','GILANG ABILAWA SAPUTRA','Perum. Permata Batursari Blok L5 No. 6','Sukoco','082325758887',2017,0,1,'2018-01-12 12:08:11','2018-01-12 12:08:11'),(299,3,'2216','','JOANANDRA PUTTY PADMADEWI AZIS','Puri Arteri Baru No. 15','Ray Franc Roi Azis','081575885886',2017,0,1,'2018-01-12 12:08:11','2018-01-12 12:08:11'),(300,3,'2217','','KANAYA MUTIARA SENJA','Jl. Dempel Berlian XI No. 149','Pipin Hariyanto','085727372858',2017,0,1,'2018-01-12 12:08:12','2018-01-12 12:08:12'),(301,3,'2218','','KAYTHA PUTRI ARDHANTA','Jl. Seruni IX No. 3','Kurniawan Ardhanto','081804400047',2017,0,1,'2018-01-12 12:08:12','2018-01-12 12:08:12'),(302,3,'2219','','KHAYYIRA AZALEA SURYANENDRA','Perum BPD II No. 5','Andhi Suryanendra',NULL,2017,0,1,'2018-01-12 12:08:12','2018-01-12 12:08:12'),(303,3,'2220','','M. CHESTA AQUILA DANISH','Jl. Sendangsari Barat VII No. 3','Budi Priyanto','082133224141',2017,0,1,'2018-01-12 12:08:12','2018-01-12 12:08:12'),(304,3,'2221','','MUHAMMAD MIRZA RAJENDRA','Jl Sendang Utara III ','Munawir',NULL,2017,0,1,'2018-01-12 12:08:12','2018-01-12 12:08:12'),(305,3,'2222','','MALIQEA LIVIA AL GOJALI','Perum. Wolter Monginsidi Baru Blok. E-39','Ari Gojaly','0817722414',2017,0,1,'2018-01-12 12:08:12','2018-01-12 12:08:12'),(306,3,'2223','','MUHAMMAD CHIEKO FARRAS AMANULLAH','Jl. Kauman II No 31','Fatkhur Rakhman Edi Fitriyanto','082221438175',2017,0,1,'2018-01-12 12:08:12','2018-01-12 12:08:12'),(307,3,'2224','','MUHAMMAD FADIL SAPUTRA','Jl. Parang Baris VIII No. 41','Fajar Saputra','082221219504',2017,0,1,'2018-01-12 12:08:12','2018-01-12 12:08:12'),(308,3,'2225','','MUHAMMAD HAIDAR RHASYD ALBANO','Jl. Singa Utara Dalam I No. 28A','Bambang Purwanto','085226222824',2017,0,1,'2018-01-12 12:08:12','2018-01-12 12:08:12'),(309,3,'2226','','MUHAMMAD RAFKY ARISCHA PASSYA','Jl. Tirto Mukti II No.4','Aji Windu Nugraha','08175459900',2017,0,1,'2018-01-12 12:08:12','2018-01-12 12:08:12'),(310,3,'2227','','MUHAMMAD RIFKY SUGIARTO','Jl. Sendangguwo Utara I','Didik Sugiarto','081253677784',2017,0,1,'2018-01-12 12:08:12','2018-01-12 12:08:12'),(311,3,'2228','','NADIA FAYZA ANGGIANA','Jl. Kalicari II B-9','Sigit Hermawan','08164250726',2017,0,1,'2018-01-12 12:08:12','2018-01-12 12:08:12'),(312,3,'2229','','NAIRA PEVITA MAHESWARI','Jl. Lumbungsari V No. 5','Muladi','081325112632',2017,0,1,'2018-01-12 12:08:12','2018-01-12 12:08:12'),(313,3,'2230','','NARELLA LATIFIA RARASATI ','Komp. AKPOL Blok. H No. 47','Daryanto','085866143466',2017,0,1,'2018-01-12 12:08:12','2018-01-12 12:08:12'),(314,3,'2231','','NIZYAM BHAYANGKARA PUTRA WIDI PRABOWO','Jl. Kawung II No. 35','Bagus Widi Prabowo','08127272521',2017,0,1,'2018-01-12 12:08:12','2018-01-12 12:08:12'),(315,3,'2232','','RAFFI AZKA RIZKY PRATAMA','Jl. Ketileng Lama I B No. 3A RT. 05 RW. 25','Andrianto Budi Santoso','081226800135',2017,0,1,'2018-01-12 12:08:12','2018-01-12 12:08:12'),(316,3,'2233','','RAISA RIFAYA','Jl. Tejokusumo III No. 11','Herlambang Setiaji','082125581848',2017,0,1,'2018-01-12 12:08:12','2018-01-12 12:08:12'),(317,3,'2234','','RATNA DEWATI AZARIA','Jl. Sawi VII','Sugiyono','081575281517',2017,0,1,'2018-01-12 12:08:12','2018-01-12 12:08:12'),(318,3,'2235','','REGAZ DAFFA ZAKARIA','Jl. Gayamsari V','Deby Yuniarto','085741418181',2017,0,1,'2018-01-12 12:08:12','2018-01-12 12:08:12'),(319,3,'2236','','RESENDRIYA DHATU CAKRAYUDA','Jl. Wahyu Temurun I No. 18','Adi Sulistiyono','08174166499',2017,0,1,'2018-01-12 12:08:13','2018-01-12 12:08:13'),(320,3,'2237','','ROGER ARYAPUTRA HARTANTO','Jl. Menjangan VI No. 34','Hery Hartanto','08156506623',2017,0,1,'2018-01-12 12:08:13','2018-01-12 12:08:13'),(321,3,'2238','','WILDAN NABIL ALTHAFI','Jl. Lamper Tengah IV No. 6','Kismiyanto','081575637888',2017,0,1,'2018-01-12 12:08:13','2018-01-12 12:08:13'),(322,3,'2239','','ZIDAN GHANI ATHAILLAH RIZQIANO','Taman Bukit Asri Residence B1 No. 164','Danang Wiwid Adi','081326241664',2017,0,1,'2018-01-12 12:08:13','2018-01-12 12:08:13'),(323,3,'2240','','ZIHAM NUR ALMUQSITH','Perum. Sembungharjo Permai Blok B No. 12','Nur Cholis','08122801261',2017,0,1,'2018-01-12 12:08:13','2018-01-12 12:08:13'),(324,3,'2240','','AHNAF MU\'AFA RAKHA HARISMA','Jl. Singa Tengah Dalam I No. 1','Haris Fuadi','081390666643',2017,0,1,'2018-01-12 12:10:15','2018-01-12 12:10:15'),(325,3,'2241','','AIRA DANISH KAUREENA','Graha Fatro III Blok B.6','Muhammad Rif\'at','08122889547',2017,0,1,'2018-01-12 12:10:15','2018-01-12 12:10:15'),(326,3,'2242','','ALYA SYABILA MAHARDHIKA','Mutiara Supriyadi A3','Dr. Alain Stephano Mahardika','81225448331',2017,0,1,'2018-01-12 12:10:15','2018-01-12 12:10:15'),(327,3,'2243','','AMEERA GASSANIA AVIANTORO','Jl. Pati Unus III No. 2','Tri Yuli Budi Antoro','08562735566',2017,0,1,'2018-01-12 12:10:15','2018-01-12 12:10:15'),(328,3,'2244','','ARETHA RHEA ANINDYA','Graha Suhada B/12','Hery Asmawan','081575121071',2017,0,1,'2018-01-12 12:10:16','2018-01-12 12:10:16'),(329,3,'2245','','ASYIFA PUTRI AIRANI','Lentera Sedayu Cluster Kav. 3A','Mari Adji','083842481617',2017,0,1,'2018-01-12 12:10:16','2018-01-12 12:10:16'),(330,3,'2246','','ATHAYA ZIDANE ARIFFIN','Jl. Mawar Jingga 129, Plamongan Indah','Soedarno','081390864163',2017,0,1,'2018-01-12 12:10:16','2018-01-12 12:10:16'),(331,3,'2247','','AZZAM MAULANA MESSI','Jl. Griya Arteri Baru No. 80','Marno Nugroho','085225478409',2017,0,1,'2018-01-12 12:10:16','2018-01-12 12:10:16'),(332,3,'2248','','DAZEL ATTALA VIDITAMA','Jl. Turangga Tengah III / 548 Semarang','Tegar Adhitama','085641402808',2017,0,1,'2018-01-12 12:10:16','2018-01-12 12:10:16'),(333,3,'2249','','EL ZAHR ARSHAVIN PERMANA','Jl. Karang Ingas No. 10','Arif Rachman','081327780297',2017,0,1,'2018-01-12 12:10:16','2018-01-12 12:10:16'),(334,3,'2250','','EVAN ENDRA NUGROHO','Jl. Menjangan Dalam III No. 26 Semarang','Agus Nugroho','081226288855',2017,0,1,'2018-01-12 12:10:16','2018-01-12 12:10:16'),(335,3,'2251','','FANAYA KINANTI PRAMESWARI','Jl. Botorejo I/3 Wonosalam Demak','Muhammad Rony','82328937760',2017,0,1,'2018-01-12 12:10:16','2018-01-12 12:10:16'),(336,3,'2252','','HANA RAMADHANI AZZAHRA','Jl. Udan Riris III No. 72-74','Agung Bowo Mukti','089531534081',2017,0,1,'2018-01-12 12:10:16','2018-01-12 12:10:16'),(337,3,'2253','','HASNA ANDIGA NARARYA','Graha Mukti Residence No. 123','Galuh Prasetyo','08156547420',2017,0,1,'2018-01-12 12:10:16','2018-01-12 12:10:16'),(338,3,'2254','','JABRIEL ADELARD PUTRA WIBOWO','Per. Wolter Monginsidi Baru No. 23 A','Dimas Aryo Wibowo','08164887936',2017,0,1,'2018-01-12 12:10:16','2018-01-12 12:10:16'),(339,3,'2255','','KAELA ANAHITA AMELIE','Jl. Kedung Mundu Raya No. 35','Yulianto','085640016125',2017,0,1,'2018-01-12 12:10:16','2018-01-12 12:10:16'),(340,3,'2256','','LIONEL DANISH PRADIPTA','Jl. Argomulyo Mukti Barat II No. B1','Herdian Prasetyo','08157727277',2017,0,1,'2018-01-12 12:10:16','2018-01-12 12:10:16'),(341,3,'2257','','LIZAM SECTIO RADHISTA','Jl. Sidomukti VI No. 27','Yudhisita Riptaning Surya','085741087132',2017,0,1,'2018-01-12 12:10:16','2018-01-12 12:10:16'),(342,3,'2259','','MUHAMMAD ADITYA HIRZAN ALIM','Jl. Dempel Baru Permata KAV. 64 RT.II/25','Budiono','81270913981',2017,0,1,'2018-01-12 12:10:16','2018-01-12 12:10:16'),(343,3,'2260','','MUHAMMAD ANDI ZAKARIA','Jl. Sinar Surya III No. 935A, Perum Sinar Waluyo','Fitriyanto Nugroho','082134507757',2017,0,1,'2018-01-12 12:10:16','2018-01-12 12:10:16'),(344,3,'2261','','MUHAMMAD ANIS FATHURRAHMAN','Jl. Panda Utara III No. 18','Sutomo','08112990665',2017,0,1,'2018-01-12 12:10:16','2018-01-12 12:10:16'),(345,3,'2262','','MUHAMMAD AZKA PUTRA ARDHANI','Jl. Lamper Tengah VIII No. 672C','Dany Dwi Hartanto','08122575775',2017,0,1,'2018-01-12 12:10:16','2018-01-12 12:10:16'),(346,3,'2263','','MUHAMMAD DZAKY PRABASWARA','Jl. Singa IV No. 77 RT. 03 RW. VI','Yusmintarko','082137659053',2017,0,1,'2018-01-12 12:10:16','2018-01-12 12:10:16'),(347,3,'2264','','MUHAMMAD HAIKAL AJI SAPUTRA','Jl. Pedurungan Tengah XII No. 7','Bayu Saktiaji','08156856745',2017,0,1,'2018-01-12 12:10:16','2018-01-12 12:10:16'),(348,3,'2265','','MUHAMMAD ISHLAH IBNU ABI','Tlogosari Wetan RT. 9 RW. 3','Faridul Umam','085740985878',2017,0,1,'2018-01-12 12:10:16','2018-01-12 12:10:16'),(349,3,'2266','','MUHAMMAD RAVINDRA ADYATAMA PUTRA','Jl. Sidomulyo III No. 35','Asep Syaefullah','081325448799',2017,0,1,'2018-01-12 12:10:17','2018-01-12 12:10:17'),(350,3,'2267','','NAJWA DAFFIYA ARMA','Jl. Mahesa Mukti A.338','Aulia Arma','08122578789',2017,0,1,'2018-01-12 12:10:17','2018-01-12 12:10:17'),(351,3,'2268','','NEYSHA AVARIELLA CALLISTA RAMADHANI','Aspol Tlogomulyo Blok A-386','Wahyudi','085641210444',2017,0,1,'2018-01-12 12:10:17','2018-01-12 12:10:17'),(352,3,'2269','','QUEENTSA CHAQUITA MAGHFIRA PUTRI B','Jl. Tlogo Mulyo Cluster 2/5','Agus Tony','08122975819',2017,0,1,'2018-01-12 12:10:17','2018-01-12 12:10:17'),(353,3,'2270','','RADITYA FAURIE PRANAJA','Perum BPD III Blok G.6','Fauzi','081226607861',2017,0,1,'2018-01-12 12:10:17','2018-01-12 12:10:17'),(354,3,'2271','','RASYID MALIK IBRAHIM','Jl. Argomulyo Mukti Timur II No. 6','Arif Wasono','085640006513',2017,0,1,'2018-01-12 12:10:17','2018-01-12 12:10:17'),(355,3,'2272','','RAYHAN NASSER RAHMANTIO','Jl. Badak Raya 67','Rohmat Priyo Gunawan','81225303044',2017,0,1,'2018-01-12 12:10:17','2018-01-12 12:10:17'),(356,3,'2273','','VOLA ADLINA MANARINA','Perum. Pandanaran Hills Blok. D No. 1','Rosna Khurniawan Laksana',NULL,2017,0,1,'2018-01-12 12:10:17','2018-01-12 12:10:17'),(357,3,'2001','','AGIDHIA NAURAH KHAIRUNNISA',NULL,'AGUNG CAHYO WIDAQDO',NULL,2016,0,1,'2018-01-14 02:06:15','2018-01-14 02:06:15'),(358,3,'2002','','AINI DEA ZASKIA',NULL,'MULYANTO',NULL,2016,0,1,'2018-01-14 02:06:15','2018-01-14 02:06:15'),(359,3,'2003','','AISHA RAE PARAHITA',NULL,'SUMIARSO',NULL,2016,0,1,'2018-01-14 02:06:15','2018-01-14 02:06:15'),(360,3,'2004','','ALEA ZHI KASYARA AISHVARYA',NULL,'ARIS SUGIARTO',NULL,2016,0,1,'2018-01-14 02:06:15','2018-01-14 02:06:15'),(361,3,'2005','','ALYCIA BERLY FIORENCIA ISWANTO','JL. JOLOTUNDO V','ANDI ISWANTO',NULL,2016,0,1,'2018-01-14 02:06:15','2018-01-14 02:06:15'),(362,3,'2006','','AMYNA RANYMA SARIFUDIN',NULL,'BUDI ARIFUDIN',NULL,2016,0,1,'2018-01-14 02:06:15','2018-01-14 02:06:15'),(363,3,'2007','','ANINDRA ELVINO PUTRA WIBOWO',NULL,'DWI ARSONO WIBOWO',NULL,2016,0,1,'2018-01-14 02:06:15','2018-01-14 02:06:15'),(364,3,'2008','','ANINDYA AZKA MARSHANDA',NULL,'MARYONO',NULL,2016,0,1,'2018-01-14 02:06:15','2018-01-14 02:06:15'),(365,3,'2009','','ATHIFA MUTIA NUGRAHA',NULL,'THOMAS ANANTO NUGROHO',NULL,2016,0,1,'2018-01-14 02:06:15','2018-01-14 02:06:15'),(366,3,'2010','','CALYSTA ANINDYA GANES',NULL,'SUHARNO',NULL,2016,0,1,'2018-01-14 02:06:15','2018-01-14 02:06:15'),(367,3,'2011','','DEMAS MAULANA RAMADHAN',NULL,'MASKUR',NULL,2016,0,1,'2018-01-14 02:06:15','2018-01-14 02:06:15'),(368,3,'2012','','KAKA FARZANA ABINAWA SAPUTRO',NULL,'PURNO SAPUTRO',NULL,2016,0,1,'2018-01-14 02:06:15','2018-01-14 02:06:15'),(369,3,'2013','','KHINZA DAMARA ARISTAWIDYA PUTRI',NULL,'SAMUJI',NULL,2016,0,1,'2018-01-14 02:06:15','2018-01-14 02:06:15'),(370,3,'2014','','KHOIRY AZZAM WIDJASENA',NULL,'BAJU WIDJASENA',NULL,2016,0,1,'2018-01-14 02:06:15','2018-01-14 02:06:15'),(371,3,'2015','','M. FIZI HAMZA SHAHJEHAN',NULL,'ABDUL ROZAK',NULL,2016,0,1,'2018-01-14 02:06:15','2018-01-14 02:06:15'),(372,3,'2016','','MARWAH MAHADEWI PUTRI',NULL,'SUCITRA TJOARDI',NULL,2016,0,1,'2018-01-14 02:06:15','2018-01-14 02:06:15'),(373,3,'2017','','MOCHAMAD GIBRAN','MURTI PESONA II NO. 1','FERI SETYAWAN',NULL,2016,0,1,'2018-01-14 02:06:15','2018-01-14 02:06:15'),(374,3,'2018','','MUHAMAD RAFFA RAMADHAN',NULL,'ANDRI PRABOWO',NULL,2016,0,1,'2018-01-14 02:06:15','2018-01-14 02:06:15'),(375,3,'2019','','MUHAMMAD FAKHRI',NULL,'THOHA MUSLIM',NULL,2016,0,1,'2018-01-14 02:06:16','2018-01-14 02:06:16'),(376,3,'2020','','NAFISHA ESHAL NUR ACELY',NULL,'ACEP IRPAN RIJALI NUR',NULL,2016,0,1,'2018-01-14 02:06:16','2018-01-14 02:06:16'),(377,3,'2021','','NAILA ANINDITA ARISTIA',NULL,'ARIS TRIYANTO',NULL,2016,0,1,'2018-01-14 02:06:16','2018-01-14 02:06:16'),(378,3,'2022','','NAJWA AISHA PUTRI ARNAZ',NULL,'YANUAR ARNAZ',NULL,2016,0,1,'2018-01-14 02:06:16','2018-01-14 02:06:16'),(379,3,'2023','','OKPARA AKBAR HERMAWAN',NULL,'ANJAR ADI HERMAWAN',NULL,2016,0,1,'2018-01-14 02:06:16','2018-01-14 02:06:16'),(380,3,'2024','','PEGGY AMAWAR PUTRI',NULL,'SUWARSO',NULL,2016,0,1,'2018-01-14 02:06:16','2018-01-14 02:06:16'),(381,3,'2025','','RAIHAN ARIF ILHAMSYAH',NULL,'DENI REZA HARAHAP',NULL,2016,0,1,'2018-01-14 02:06:16','2018-01-14 02:06:16'),(382,3,'2026','','RAPHANO JAVAS PRADYATMA',NULL,'DONO PRAMUDYASWORO',NULL,2016,0,1,'2018-01-14 02:06:16','2018-01-14 02:06:16'),(383,3,'2027','','RIFKY ZACHARY AKBAR SETIAWAN',NULL,'FIKKY ERY SETIAWAN',NULL,2016,0,1,'2018-01-14 02:06:16','2018-01-14 02:06:16'),(384,3,'2028','','SALMA PRASETYOWATI',NULL,'DIDIEK HARDJUNO PRASETYO',NULL,2016,0,1,'2018-01-14 02:06:16','2018-01-14 02:06:16'),(385,3,'2029','','SAVIRA DEVI CARETA','JL. GRIYA SUHADA ASRI NO. 6','SINGGIH WIRAWAN',NULL,2016,0,1,'2018-01-14 02:06:16','2018-01-14 02:06:16'),(386,3,'2030','','ZAHIRA QANITA EMINA',NULL,'SENA BARATA KUMARA',NULL,2016,0,1,'2018-01-14 02:06:16','2018-01-14 02:06:16'),(387,3,'2031','','ZHAFRAN DAFFA SANTOSO',NULL,'EKO ARTY SANTOSO',NULL,2016,0,1,'2018-01-14 02:06:16','2018-01-14 02:06:16'),(388,3,'2032','','ZIBRAN CHAIRIL NADIF',NULL,'HELMY AJI SUBKHAN',NULL,2016,0,1,'2018-01-14 02:06:16','2018-01-14 02:06:16'),(389,3,'2276','','DIMAS TIRTA ERLANGGA SAPUTRA','JL. MAHESA TIMUR II / A 87','SHINTA DWI ARIYANI','081325667184',2016,0,1,'2018-01-14 02:06:16','2018-01-14 02:06:16'),(390,3,'2033','','ABDULLAH ASYRAF SUTAJAYA',NULL,'HERMAWAN SULISTIANTO',NULL,2016,0,1,'2018-01-14 02:08:16','2018-01-14 02:08:16'),(391,3,'2034','','ALDENNIO RAFFASYA ARIEF',NULL,'ARIEF SURIPTO',NULL,2016,0,1,'2018-01-14 02:08:16','2018-01-14 02:08:16'),(392,3,'2035','','ALIFVIA KHOIRUNNISA',NULL,'AGUS RAHMAT BUDIYANTO',NULL,2016,0,1,'2018-01-14 02:08:16','2018-01-14 02:08:16'),(393,3,'2036','','ALINA CALANDRIA BOLIFAAR',NULL,'ANDHY HERMAWAN BOLIFAAR',NULL,2016,0,1,'2018-01-14 02:08:16','2018-01-14 02:08:16'),(394,3,'2037','','ALTHAF YUDHAPRAWIRA','JL. TLOGO MENJER PONDOK INDAH NO. 64','BILLY ANDHA HILDIARIO BUDIMAN',NULL,2016,0,1,'2018-01-14 02:08:16','2018-01-14 02:08:16'),(395,3,'2038','','ANGELINA KANAYA PUTRI PRASTYANI',NULL,'RIS PRASTYO',NULL,2016,0,1,'2018-01-14 02:08:16','2018-01-14 02:08:16'),(396,3,'2039','','ARKHAN RAHARDYAN NUGROHO',NULL,'DIMAS SIGIT NUGROHO',NULL,2016,0,1,'2018-01-14 02:08:16','2018-01-14 02:08:16'),(397,3,'2040','','DAMARIS ADZAR AL KAUTSAR',NULL,'ARIE MUDJIARTO',NULL,2016,0,1,'2018-01-14 02:08:17','2018-01-14 02:08:17'),(398,3,'2041','','DIANDRA ALGERAF SUFIARTA',NULL,'BERRY YUDISUFIARTA',NULL,2016,0,1,'2018-01-14 02:08:17','2018-01-14 02:08:17'),(399,3,'2042','','ELVIRA PUTRI AINURRAHMI',NULL,'ADI JUNANDAR',NULL,2016,0,1,'2018-01-14 02:08:17','2018-01-14 02:08:17'),(400,3,'2043','','EVAN ADITYA RAHMAN',NULL,'SARMIN',NULL,2016,0,1,'2018-01-14 02:08:17','2018-01-14 02:08:17'),(401,3,'2044','','FEISHILA AQEELA DAFFA',NULL,'EKO PRASETYO',NULL,2016,0,1,'2018-01-14 02:08:17','2018-01-14 02:08:17'),(402,3,'2045','','JANEETA PUTRI ARDHANI',NULL,'ARI FADZILAH',NULL,2016,0,1,'2018-01-14 02:08:17','2018-01-14 02:08:17'),(403,3,'2046','','JIHAN AQILLAH SANTOSA',NULL,'SANTOSA TJAHYA WAHANA',NULL,2016,0,1,'2018-01-14 02:08:17','2018-01-14 02:08:17'),(404,3,'2047','','KAILA ZAHRA NUGROHO',NULL,'BAMBANG WAHYU HADI NUGROHO',NULL,2016,0,1,'2018-01-14 02:08:17','2018-01-14 02:08:17'),(405,3,'2048','','KATRINA ARUMBI FERDINAND',NULL,'DESKY TIRTA FERDINAND',NULL,2016,0,1,'2018-01-14 02:08:17','2018-01-14 02:08:17'),(406,3,'2049','','KHAIRUNNISA JANEETA SUHERMAN',NULL,'PANGKY CANDRA HERMAWAN',NULL,2016,0,1,'2018-01-14 02:08:17','2018-01-14 02:08:17'),(407,3,'2050','','KHOSY AHMAD HIDAYAT',NULL,'ARIF HIDAYAT',NULL,2016,0,1,'2018-01-14 02:08:17','2018-01-14 02:08:17'),(408,3,'2051','','KIRANA AYUDYA BUDIARTO','JL. BADAK I NO. 057','ARIEF BUDIARTO SETIAWAN',NULL,2016,0,1,'2018-01-14 02:08:17','2018-01-14 02:08:17'),(409,3,'2052','','LATHIFAH YASMIN BAROROH',NULL,'PURNAWAN BUDIYANTO',NULL,2016,0,1,'2018-01-14 02:08:17','2018-01-14 02:08:17'),(410,3,'2053','','MAHATMA KIYANDRA ZAHARA PUTRA','JL. MANGGIS VIII NO. 47','TOTOK SUPRIYANTO',NULL,2016,0,1,'2018-01-14 02:08:17','2018-01-14 02:08:17'),(411,3,'2054','','MUHAMMAD VALDI SHAQUILLE RAFFASYA',NULL,'DONNY OKTAVIA',NULL,2016,0,1,'2018-01-14 02:08:17','2018-01-14 02:08:17'),(412,3,'2055','','MUHAMMAD FAYAAZ REIVATA',NULL,'HERU BASUKI',NULL,2016,0,1,'2018-01-14 02:08:17','2018-01-14 02:08:17'),(413,3,'2056','','MUHAMMAD RAJAVAS SISWANTO',NULL,'WIWIN DWI SISWANTO',NULL,2016,0,1,'2018-01-14 02:08:17','2018-01-14 02:08:17'),(414,3,'2057','','NAURA NABILA BAHIJ',NULL,'NUR MALIK MAULANA',NULL,2016,0,1,'2018-01-14 02:08:17','2018-01-14 02:08:17'),(415,3,'2058','','NEELAM PRIYANKA MULIA',NULL,'WAHYU SURYO LEKSONO',NULL,2016,0,1,'2018-01-14 02:08:17','2018-01-14 02:08:17'),(416,3,'2059','','NEZZA CAHYA NIRWANA','JL. GRIYA PRASETYA UTARA I NO. 54','DIDIK NIRWONO',NULL,2016,0,1,'2018-01-14 02:08:17','2018-01-14 02:08:17'),(417,3,'2060','','RAFKHA ZULFIKAR AKBAR SETIAWAN',NULL,'FIKKY ERY SETIAWAN',NULL,2016,0,1,'2018-01-14 02:08:17','2018-01-14 02:08:17'),(418,3,'2061','','REISYA ALMIRA RIFNY','JL. THE HILL TAMANSARI BLOK B2 NO. 10','RINO WIDHIARSO YUDONEGORO',NULL,2016,0,1,'2018-01-14 02:08:17','2018-01-14 02:08:17'),(419,3,'2062','','SAFFA DEVINA AVARA',NULL,'EKO YULIANTO',NULL,2016,0,1,'2018-01-14 02:08:17','2018-01-14 02:08:17'),(420,3,'2063','','SEBASTIEN FARRAS PUTRA SETIAWAN',NULL,'PURNOMO SETIAWAN',NULL,2016,0,1,'2018-01-14 02:08:17','2018-01-14 02:08:17'),(421,3,'2064','','SYIFA KAMILA MUTIAHZA PRASETYO',NULL,'KHRISMA YULLY PRASETYO',NULL,2016,0,1,'2018-01-14 02:08:18','2018-01-14 02:08:18'),(422,3,'2065','','UTAMA PUTRA SANTOSO',NULL,'ROHMAN EKO SANTOSO',NULL,2016,0,1,'2018-01-14 02:08:18','2018-01-14 02:08:18'),(423,3,'2066','','ADRIANO FARIELLA SAHPUTRA',NULL,'YUNIANTO SUKOREDJO',NULL,2016,0,1,'2018-01-14 02:34:53','2018-01-14 02:34:53'),(424,3,'2067','','AISHA WAFA LATIFATUZ ZAHRA',NULL,'DIDIT SETIAWAN',NULL,2016,0,1,'2018-01-14 02:34:53','2018-01-14 02:34:53'),(425,3,'2068','','ALENGDYA RASYA SANTOSO DJOJONEGORO','TAMANSARI MAJAPAHIT B 1 NO. 02','FERRI PRIMIANTO',NULL,2016,0,1,'2018-01-14 02:34:53','2018-01-14 02:34:53'),(426,3,'2069','','ALFARO ZEBADA',NULL,'ANDI AKHMAD',NULL,2016,0,1,'2018-01-14 02:34:53','2018-01-14 02:34:53'),(427,3,'2070','','ANDARA ANTYA PARAMITA',NULL,'NUR TRI JONO',NULL,2016,0,1,'2018-01-14 02:34:53','2018-01-14 02:34:53'),(428,3,'2071','','AQILA RAHMA WARDANI',NULL,'SUHERI',NULL,2016,0,1,'2018-01-14 02:34:53','2018-01-14 02:34:53'),(429,3,'2072','','ARRAYA SHAFANA NUGROHO',NULL,'AGUS SETIYO NUGROHO',NULL,2016,0,1,'2018-01-14 02:34:53','2018-01-14 02:34:53'),(430,3,'2073','','AZALIA NAYLA ELVARETTA',NULL,'ANDIE PRASETYO',NULL,2016,0,1,'2018-01-14 02:34:53','2018-01-14 02:34:53'),(431,3,'2074','','BAGAS KHAIRUL SARAGIH',NULL,'Ir. MASRUL SARAGIH',NULL,2016,0,1,'2018-01-14 02:34:53','2018-01-14 02:34:53'),(432,3,'2075','','BILQIS UFAIRA ALQEISHA FAKHRURROYN','JL. KELENGAN BESAR NO. 651','ROYDHI HARTOMI',NULL,2016,0,1,'2018-01-14 02:34:53','2018-01-14 02:34:53'),(433,3,'2076','','FAHMIDA ADEN NAFIASTUTI',NULL,'YUSUF IWAN WAHYUDI',NULL,2016,0,1,'2018-01-14 02:34:53','2018-01-14 02:34:53'),(434,3,'2077','','FARID MUCHAMAD ADIRAJASA',NULL,'NUR KHOLIS',NULL,2016,0,1,'2018-01-14 02:34:53','2018-01-14 02:34:53'),(435,3,'2078','','FARMACHIKA SHAFA DWINANDITA',NULL,'MAKMUN',NULL,2016,0,1,'2018-01-14 02:34:53','2018-01-14 02:34:53'),(436,3,'2079','','FAZIA RIFDA NAWAVA',NULL,'IMAM BACHRONI KURNIAWAN',NULL,2016,0,1,'2018-01-14 02:34:53','2018-01-14 02:34:53'),(437,3,'2080','','FINA SYAFIRA PERMATA JARFA',NULL,'SUJARWO',NULL,2016,0,1,'2018-01-14 02:34:53','2018-01-14 02:34:53'),(438,3,'2081','','FIRDA FADZLIN KARIMA',NULL,'YUSUF WIBISONO',NULL,2016,0,1,'2018-01-14 02:34:53','2018-01-14 02:34:53'),(439,3,'2082','','GHALIB AXEL MALVIANO',NULL,'EDY PURWANTO',NULL,2016,0,1,'2018-01-14 02:34:53','2018-01-14 02:34:53'),(440,3,'2083','','HAIDAR FADLAN ALHUSNA',NULL,'FEBRI HARI WAHYUDI',NULL,2016,0,1,'2018-01-14 02:34:53','2018-01-14 02:34:53'),(441,3,'2084','','KALILA KAMILIA WIBOWO',NULL,'WINARNO JATI WIBOWO',NULL,2016,0,1,'2018-01-14 02:34:53','2018-01-14 02:34:53'),(442,3,'2085','','KHANZA BERLIANA PUTRI','JL. TLOGOBERLIAN NO. 26','SUKANDI',NULL,2016,0,1,'2018-01-14 02:34:54','2018-01-14 02:34:54'),(443,3,'2086','','LUNADEA AKIRA ROMELIA PUTRI',NULL,'MOCHAMAD ZAMRONY',NULL,2016,0,1,'2018-01-14 02:34:54','2018-01-14 02:34:54'),(444,3,'2087','','MEISYA FARAH JASMINE',NULL,'JUPAT SUKAIMI',NULL,2016,0,1,'2018-01-14 02:34:54','2018-01-14 02:34:54'),(445,3,'2088','','MUHAMAD YUSUF SYAH PUTRA',NULL,'A. AIDIL FITRI SYAH',NULL,2016,0,1,'2018-01-14 02:34:54','2018-01-14 02:34:54'),(446,3,'2089','','NADINE GRACIELLA AUGUSTINE',NULL,'STEVEN ANDI WILIAM PURWANTO',NULL,2016,0,1,'2018-01-14 02:34:54','2018-01-14 02:34:54'),(447,3,'2090','','NARESWARI NURIA CLARETTA',NULL,'MUHAMMAD NUROHIM',NULL,2016,0,1,'2018-01-14 02:34:54','2018-01-14 02:34:54'),(448,3,'2091','','NAUFALYN RANADHIYA PUTRI HADI',NULL,'AHMAD HADI PRAYITNO',NULL,2016,0,1,'2018-01-14 02:34:54','2018-01-14 02:34:54'),(449,3,'2092','','NAZIFA BUDIANTANA',NULL,'BUDI MARYANTO',NULL,2016,0,1,'2018-01-14 02:34:54','2018-01-14 02:34:54'),(450,3,'2093','','NIZRINA AIDA RARAS PRAMESTI',NULL,'PROBO DEWAJI',NULL,2016,0,1,'2018-01-14 02:34:54','2018-01-14 02:34:54'),(451,3,'2094','','OZZYL BINTANG RAMADHAN',NULL,'HARTONO',NULL,2016,0,1,'2018-01-14 02:34:54','2018-01-14 02:34:54'),(452,3,'2095','','RAFI ROZAQ EFFENDI',NULL,'IMAM EFFENDI',NULL,2016,0,1,'2018-01-14 02:34:54','2018-01-14 02:34:54'),(453,3,'2096','','RISHANG SANISCARA PATRIAWURA',NULL,'DWI SUSANTO',NULL,2016,0,1,'2018-01-14 02:34:54','2018-01-14 02:34:54'),(454,3,'2097','','SATRIA ARSYAD NURAIS',NULL,'NUR ISNAINI',NULL,2016,0,1,'2018-01-14 02:34:54','2018-01-14 02:34:54'),(455,3,'2098','','VAREYZZA ARESTUPUTRA',NULL,'OKA MUDIONO',NULL,2016,0,1,'2018-01-14 02:34:54','2018-01-14 02:34:54'),(456,3,'2099','','ABYAN RASYID WARADANA',NULL,'NURUL HUDA',NULL,2016,0,1,'2018-01-14 02:37:33','2018-01-14 02:37:33'),(457,3,'2100','','ALI AKBAR FERDINAND',NULL,'YANUAR BINTOROADJI',NULL,2016,0,1,'2018-01-14 02:37:33','2018-01-14 02:37:33'),(458,3,'2101','','ALMAYRA AYUDIA AISAPRAMUSTITA',NULL,'AJI MUSTHOFA',NULL,2016,0,1,'2018-01-14 02:37:33','2018-01-14 02:37:33'),(459,3,'2102','','ALVARO MOHAN SAPUTRA','KEMBANG JERUK II NO. 19','ERIEK BUDI SAPUTRA',NULL,2016,0,1,'2018-01-14 02:37:33','2018-01-14 02:37:33'),(460,3,'2103','','AQEELA RAZEL AR RASYID',NULL,'FITKA SEPTYA DANI',NULL,2016,0,1,'2018-01-14 02:37:33','2018-01-14 02:37:33'),(461,3,'2104','','ASYRAF RAFA MUSTOFA',NULL,'MUHAMAT MUSTOFAH',NULL,2016,0,1,'2018-01-14 02:37:33','2018-01-14 02:37:33'),(462,3,'2105','','ATAYA FIKRI RIZQULLAH','JL. SENDANG INDAH RT 02/02','SALMAN FARIS',NULL,2016,0,1,'2018-01-14 02:37:34','2018-01-14 02:37:34'),(463,3,'2106','','AZZAHRA ZALFA FAUZIA',NULL,'YULIAL DWINDIHARTO',NULL,2016,0,1,'2018-01-14 02:37:34','2018-01-14 02:37:34'),(464,3,'2107','','CAHAYA CINTA ARDITYA PUTRI',NULL,'ADITYA WIDYA UTAMA',NULL,2016,0,1,'2018-01-14 02:37:34','2018-01-14 02:37:34'),(465,3,'2108','','DAVINO RAFIF FELDIANO UTOMO',NULL,'DIAN WIJAYANTO UTOMO',NULL,2016,0,1,'2018-01-14 02:37:34','2018-01-14 02:37:34'),(466,3,'2109','','DEANE ESPANA FITRIANE',NULL,'IWAN FIRMANSYAH',NULL,2016,0,1,'2018-01-14 02:37:34','2018-01-14 02:37:34'),(467,3,'2110','','DINDA NURIN NAJWA',NULL,'ERVIN SUJITO',NULL,2016,0,1,'2018-01-14 02:37:34','2018-01-14 02:37:34'),(468,3,'2111','','FARAH INTAN AGIE AZZAHRA',NULL,'AGUS SUMIYANTO',NULL,2016,0,1,'2018-01-14 02:37:34','2018-01-14 02:37:34'),(469,3,'2112','','FAVIAN HAYDAR ALSANI',NULL,'SABRIAWAN',NULL,2016,0,1,'2018-01-14 02:37:34','2018-01-14 02:37:34'),(470,3,'2113','','HAFY RAYYAN PAMUNGKAS',NULL,'YANI WAHYUDI',NULL,2016,0,1,'2018-01-14 02:37:34','2018-01-14 02:37:34'),(471,3,'2114','','HANAA AISHA SALMAA','JL. KARANG INGAS DALAM NO. 8','BAYU MARYONO',NULL,2016,0,1,'2018-01-14 02:37:34','2018-01-14 02:37:34'),(472,3,'2115','','HAYDAR \'ALIYYF',NULL,'FAIZAL NUGROHO',NULL,2016,0,1,'2018-01-14 02:37:34','2018-01-14 02:37:34'),(473,3,'2116','','IFFAH FANNY ERWINDA',NULL,'WINDARTO',NULL,2016,0,1,'2018-01-14 02:37:34','2018-01-14 02:37:34'),(474,3,'2117','','IZZUDDIN AHMAD FAZA',NULL,'SYUKRON ABDUL KADIR',NULL,2016,0,1,'2018-01-14 02:37:34','2018-01-14 02:37:34'),(475,3,'2118','','JAUZA KAMILIA ADELIN',NULL,'ARI SASMITO',NULL,2016,0,1,'2018-01-14 02:37:34','2018-01-14 02:37:34'),(476,3,'2119','','KAMILA FAILASUFA ZAMZAMI',NULL,'IBNU FAJAR ZAMZAMI',NULL,2016,0,1,'2018-01-14 02:37:34','2018-01-14 02:37:34'),(477,3,'2120','','KYLA PARAHITA YULISTIYA',NULL,'SASONGKO YUDIYANTO',NULL,2016,0,1,'2018-01-14 02:37:34','2018-01-14 02:37:34'),(478,3,'2121','','MAHENDRA KAMIL SETYA WARDHANA',NULL,'ARI WIDONO',NULL,2016,0,1,'2018-01-14 02:37:34','2018-01-14 02:37:34'),(479,3,'2122','','MUHAMMAD ABRAR BASKORO',NULL,'EKO SUGIARTO',NULL,2016,0,1,'2018-01-14 02:37:34','2018-01-14 02:37:34'),(480,3,'2123','','NADIF ISA WIRYADANA',NULL,'BUDI WIDODO',NULL,2016,0,1,'2018-01-14 02:37:34','2018-01-14 02:37:34'),(481,3,'2124','','NADINE MELADYA RAHMA',NULL,'FIRDAUS',NULL,2016,0,1,'2018-01-14 02:37:35','2018-01-14 02:37:35'),(482,3,'2126','','RAISSA FARRAS KHALFANI','JL. MENJANGAN DALAM II NO. B16','HENRI WIJANARKO',NULL,2016,0,1,'2018-01-14 02:37:35','2018-01-14 02:37:35'),(483,3,'2127','','SALMA ALIYA RAMADHANI',NULL,'RINTO',NULL,2016,0,1,'2018-01-14 02:37:35','2018-01-14 02:37:35'),(484,3,'2128','','TAUFIQ IKHSANULLAH ANDIKA',NULL,'ANDI CAHYANDI',NULL,2016,0,1,'2018-01-14 02:37:35','2018-01-14 02:37:35'),(485,3,'2129','','TAUFIQI HIDAYATULLAH',NULL,'MUHAMAD GUFRON',NULL,2016,0,1,'2018-01-14 02:37:35','2018-01-14 02:37:35'),(486,3,'2130','','UFAIRA ALMIRA PRIMANIDA',NULL,'MARJONO',NULL,2016,0,1,'2018-01-14 02:37:35','2018-01-14 02:37:35'),(487,3,'2131','','WASISTA KHAIZURA',NULL,'NUR KHOIRI',NULL,2016,0,1,'2018-01-14 02:37:35','2018-01-14 02:37:35'),(488,3,'2278','','RAFFA ALFAREZEL',NULL,'ASEP WAHYU DWI CAHYONO',NULL,2016,0,1,'2018-01-14 02:37:35','2018-01-14 02:37:35'),(651,3,'1847',NULL,'ADELITHA SACUNDA','JL. GANESHA BN III NO. 3','ANDI AKHMAD',NULL,2015,0,1,'2018-01-14 04:00:04','2018-01-14 04:00:04'),(652,3,'1848',NULL,'ADILA MAHESWARA','JL. PALEBON RAYA I85 C','ADI SUSENO',NULL,2015,0,1,'2018-01-14 04:00:04','2018-01-14 04:00:04'),(653,3,'1852',NULL,'ALFAN SULAIMAN','JL. TAMAN SURYO KUSUMO IV NO. 203','MANSURI',NULL,2015,0,1,'2018-01-14 04:00:04','2018-01-14 04:00:04'),(654,3,'1857',NULL,'AMANDA THYRA NARASWARI','JL. PONDOK INDAH BLOK E 10 NO. 3','SUGIYANTO HARI SAPTONO',NULL,2015,0,1,'2018-01-14 04:00:04','2018-01-14 04:00:04'),(655,3,'1859',NULL,'AMELIA RAISSA RIZKIKA WIDARYANTO','JL. PARANG KUSUMO RAYA NO. 4','TEGUH WIDARYANTO',NULL,2015,0,1,'2018-01-14 04:00:04','2018-01-14 04:00:04'),(656,3,'1861',NULL,'AMYRA KARYMA SARIFUDIN','JL. KALICARI TIMUR NO. 22','BUDI ARIFUDIN',NULL,2015,0,1,'2018-01-14 04:00:04','2018-01-14 04:00:04'),(657,3,'1871',NULL,'AULIA AKBAR PUTRA WIDYA','JL. TAMAN GIRU MUKTI TIMUR I NO. 254','GAYUH WIDYA ASMORO',NULL,2015,0,1,'2018-01-14 04:00:04','2018-01-14 04:00:04'),(658,3,'1872',NULL,'AURANI KRISGIAN PUTRI','PERUM SAHADA PERMAI NO. 64','WAHYU KRISGIANTO',NULL,2015,0,1,'2018-01-14 04:00:05','2018-01-14 04:00:05'),(659,3,'1873',NULL,'AUREL LIDYA NA\'ILA','PERUM PESONA ASRI II BLOK E 1 B','MUSLIMIN',NULL,2015,0,1,'2018-01-14 04:00:05','2018-01-14 04:00:05'),(660,3,'1876',NULL,'BAGUS SATRIA NUGROHO','JL. MENJANGAN DALAM NO. 26','AGUS NUGROHO',NULL,2015,0,1,'2018-01-14 04:00:05','2018-01-14 04:00:05'),(661,3,'1883',NULL,'DANENDRA HAIDAR ADICANDRA','JL. TUNJUNG BIRU III NO. 21','IWAN SETIAWAN',NULL,2015,0,1,'2018-01-14 04:00:05','2018-01-14 04:00:05'),(662,3,'1885',NULL,'DAVID KURNIAWAN','JL. ARGOMUKTI SELATAN NO. 514','APRIH SANTOSO',NULL,2015,0,1,'2018-01-14 04:00:05','2018-01-14 04:00:05'),(663,3,'1891',NULL,'DZAKY KHAFID DISTO AL FACHRI','JL. PERUM PESONA ASRI III NO. 86 B','HADI ISMANTO',NULL,2015,0,1,'2018-01-14 04:00:05','2018-01-14 04:00:05'),(664,3,'1908',NULL,'FATIH AKHIBAI RAIHAN ZAKARIA','JL. PANDANARAN HILLS BLOK J NO. 5','SIGIT SETIYANTO',NULL,2015,0,1,'2018-01-14 04:00:05','2018-01-14 04:00:05'),(665,3,'1895',NULL,'FAJAR AKMAL NUR AZIS','JL. WOLTER MONGINSIDI NO. 111','BUDIYONO AZIZ',NULL,2015,0,1,'2018-01-14 04:00:05','2018-01-14 04:00:05'),(666,3,'1897',NULL,'FARA DINDA AYU ASSYFA','JL. KETILENG RAYA NO. 15','AHMAD SYU\'BI Z.',NULL,2015,0,1,'2018-01-14 04:00:05','2018-01-14 04:00:05'),(667,3,'1903',NULL,'GAVIN RAMA ARGANTA','JL. DR. MUWARDI NO. 4','BAYU EDHI CATUR SADEWO',NULL,2015,0,1,'2018-01-14 04:00:05','2018-01-14 04:00:05'),(668,3,'1912',NULL,'KALILA DANAR ADITIYA','JL. MEDOHO RAYA NO. 61','SUNAR',NULL,2015,0,1,'2018-01-14 04:00:05','2018-01-14 04:00:05'),(669,3,'1915',NULL,'KEYSA DHEA NATIVA AZ ZAHRA','KAUMAN REGENCY BLOK H.','DEDEN RELATIP',NULL,2015,0,1,'2018-01-14 04:00:05','2018-01-14 04:00:05'),(670,3,'1917',NULL,'KIARA ANUGRAH PAMUNGKAS','JL. TAMAN SEKAR JAGAD NO. 29','RUDI ARIANTO',NULL,2015,0,1,'2018-01-14 04:00:05','2018-01-14 04:00:05'),(671,3,'1919',NULL,'KINANTIA GENDHIS LARASATI','JL. PANDA TIMUR NO. 10','WAHYU HARIYONO',NULL,2015,0,1,'2018-01-14 04:00:05','2018-01-14 04:00:05'),(672,3,'1924',NULL,'LINTANG ANGGRAENI','JL. ABDUL HAMID TLOGOSARI WETAN','SUGIARSO',NULL,2015,0,1,'2018-01-14 04:00:05','2018-01-14 04:00:05'),(673,3,'1935',NULL,'MUHAMMAD ABINAYA','JL. GANESHA SELATAN II NO. 63','KHORISNA KRISHARTANTO',NULL,2015,0,1,'2018-01-14 04:00:05','2018-01-14 04:00:05'),(674,3,'1941',NULL,'MUHAMMAD NADHIF SUSILO','JL. TLOGOSARANGAN I BLOK B NO. 5','JOKO SUSILO',NULL,2015,0,1,'2018-01-14 04:00:05','2018-01-14 04:00:05'),(675,3,'1926',NULL,'M. RADHITYA DHEFANDY PUTRA','JL. KETILENG ASRI BARU','TRI AFANDI',NULL,2015,0,1,'2018-01-14 04:00:05','2018-01-14 04:00:05'),(676,3,'1944',NULL,'MUHAMMAD SURYA KEYSHAFA','JL. MEDOHO ASRI NO. 7 C','SUGIYANTO',NULL,2015,0,1,'2018-01-14 04:00:05','2018-01-14 04:00:05'),(677,3,'1946',NULL,'NADA SAFIRA WISMANDARI','JL. ELANG II B NO. 40','DONO WISMO',NULL,2015,0,1,'2018-01-14 04:00:05','2018-01-14 04:00:05'),(678,3,'1953',NULL,'NAUFAL RAFID ARTETA','JL. SERUNI I NO. 65','ISNAWAN NURADI (Alm)',NULL,2015,0,1,'2018-01-14 04:00:06','2018-01-14 04:00:06'),(679,3,'1954',NULL,'NAURA ANNIDA FARADISY','JL. KAUMAN II NO. 19','ANKY FEBRI WIBOWO',NULL,2015,0,1,'2018-01-14 04:00:06','2018-01-14 04:00:06'),(680,3,'1958',NULL,'NIDA PUTRA SATRIA UTAMA','ASPOL GAYAMSARI','HIDAYAT ABDULLAH',NULL,2015,0,1,'2018-01-14 04:00:06','2018-01-14 04:00:06'),(681,3,'1962',NULL,'ORLIN VIMALA LINTANG PUTRIARI','JL. GEMAH KUMALA NO. 11','ARI DERMAWAN',NULL,2015,0,1,'2018-01-14 04:00:06','2018-01-14 04:00:06'),(682,3,'1969',NULL,'RAYNAR WINDRAYA','JL. BLEDAK ANGGUR II NO. 8','NUR TRIJONO',NULL,2015,0,1,'2018-01-14 04:00:06','2018-01-14 04:00:06'),(683,3,'1978',NULL,'TALITHA AURA ZAHRAN','PERUM GRAHA SUHADA BLOK C NO. 2 B','GUNAWAN SAIFUDIN',NULL,2015,0,1,'2018-01-14 04:00:06','2018-01-14 04:00:06'),(684,3,'1981',NULL,'WILDAN FARIS SULTHANI','PERUM KAMPOENG SEMAWIS','AGUS SULISTIYONO',NULL,2015,0,1,'2018-01-14 04:00:06','2018-01-14 04:00:06'),(685,3,'1982',NULL,'YAZID ALMER ALHAIDAR','PERUM JATEN BARU NO. 6','FATWA SUHADHA',NULL,2015,0,1,'2018-01-14 04:00:06','2018-01-14 04:00:06'),(686,3,'1984',NULL,'ZHAFIRA KAYLA PUTRI','JL. PANDA UTARA II NO. 15','SUGENG RIYADI',NULL,2015,0,1,'2018-01-14 04:00:06','2018-01-14 04:00:06'),(716,3,'1843',NULL,'ABDURRAKHMAN SIDIK','JL. SUHADA RAYA (PERUM SUHADA REGENCY)','SIDIK PRIYANTO',NULL,2015,0,1,'2018-01-14 04:02:49','2018-01-14 04:02:49'),(717,3,'1846',NULL,'ADELITA CAHAYA EMBUN PAGI','DEMPEL BERLIAN XI NO. 149','PIPIN HARIYANTO',NULL,2015,0,1,'2018-01-14 04:02:49','2018-01-14 04:02:49'),(718,3,'1853',NULL,'ALLYRA HASYA DHIAMA','ARYAMUKTI SELATAN I NO. 676','ARIEF WISUDA PRABAWA',NULL,2015,0,1,'2018-01-14 04:02:49','2018-01-14 04:02:49'),(719,3,'1854',NULL,'ALVARO HAIDAR RESTIONO','PERUM WOLTERMONGINSIDI BARU NO. 32','ENDI SANTOSO RESTIONO',NULL,2015,0,1,'2018-01-14 04:02:49','2018-01-14 04:02:49'),(720,3,'1856',NULL,'ALYSSA RISMADEWI','SENDANGSARI UTARA V NO. 84','ARIS HERMAWAN',NULL,2015,0,1,'2018-01-14 04:02:49','2018-01-14 04:02:49'),(721,3,'1860',NULL,'AMIRA BAKHITAH KHANSA PAMBUDI','GRIYA ARTERI BARU NO. 69','AGUS SETIYO PAMBUDI',NULL,2015,0,1,'2018-01-14 04:02:49','2018-01-14 04:02:49'),(722,3,'1862',NULL,'ANDREAN RIFKY SAPUTRA','MUWARDI TIMUR VII NO. 16','ARIF HADI SUPATMO',NULL,2015,0,1,'2018-01-14 04:02:49','2018-01-14 04:02:49'),(723,3,'1863',NULL,'ANGELINA SEKAR MAHARANI','TRUNTUM I NO. 7','TIARA SETIAWAN',NULL,2015,0,1,'2018-01-14 04:02:50','2018-01-14 04:02:50'),(724,3,'1864',NULL,'ANTYA PUTRI CALLISTA','SIDOMUKTI I NO. 15','ROGITO',NULL,2015,0,1,'2018-01-14 04:02:50','2018-01-14 04:02:50'),(725,3,'1865',NULL,'APRILLANO NARADZAKI PUTUNGGA','PERUM DOLOG PASADENA NO. 83','BERLIN JUNIRA',NULL,2015,0,1,'2018-01-14 04:02:50','2018-01-14 04:02:50'),(726,3,'1867',NULL,'ARETHA AZKA DIYANTI','GRIYA MEDOHO ASRI NO. 31','BUDI SETIYONO',NULL,2015,0,1,'2018-01-14 04:02:50','2018-01-14 04:02:50'),(727,3,'1868',NULL,'ARKANANTA RAIHANDRA PUTRA','GASEM PETING NO. 26','KASWADI',NULL,2015,0,1,'2018-01-14 04:02:50','2018-01-14 04:02:50'),(728,3,'1870',NULL,'ATHAYA KHAIRUNNISA','SIDOMUKTI I NO. 15','PURWANTO',NULL,2015,0,1,'2018-01-14 04:02:50','2018-01-14 04:02:50'),(729,3,'1881',NULL,'DAFFA ALMER YULIANTO','PARANG KESIT VI NO. 7','CHOLIX YULIANTO',NULL,2015,0,1,'2018-01-14 04:02:50','2018-01-14 04:02:50'),(730,3,'1886',NULL,'DESTAMA NAUFAL AZIZ','TLOGOSARI','ADI NUR UTOMO',NULL,2015,0,1,'2018-01-14 04:02:50','2018-01-14 04:02:50'),(731,3,'1887',NULL,'DEVINA EDRIA DAMAYANTI','TM. FLAMBOYAN UTARA V NO. 51','DODY MUKTI WIBOWO',NULL,2015,0,1,'2018-01-14 04:02:50','2018-01-14 04:02:50'),(732,3,'1898',NULL,'FAREL NURHIDAYAT ARHAM','PERUM GEMAH PERMAI BLOK F NO. 25','ELLY ANWAR',NULL,2015,0,1,'2018-01-14 04:02:50','2018-01-14 04:02:50'),(733,3,'1907',NULL,'HALISYA PUTRI FADILASARI','JL. SAWI V NO. 7','WAJITO',NULL,2015,0,1,'2018-01-14 04:02:50','2018-01-14 04:02:50'),(734,3,'1914',NULL,'KAYLA RAHMA QOONITA','TAMANSARI MAJAPAHIT B2 NO. 15','IWAN WAHYU SETIAWAN',NULL,2015,0,1,'2018-01-14 04:02:50','2018-01-14 04:02:50'),(735,3,'1922',NULL,'LIAM XAVIER HALIM SUSETYO','PERUM BPD III RAYA NO. 16','HERU SUSETYO',NULL,2015,0,1,'2018-01-14 04:02:50','2018-01-14 04:02:50'),(736,3,'1923',NULL,'LINGGA NISRINA NURHANIFA','ARYAMUKTI TENGAH','ANTON HARYANTO',NULL,2015,0,1,'2018-01-14 04:02:50','2018-01-14 04:02:50'),(737,3,'1936',NULL,'MUHAMMAD ARSYADA AZHIM ARRIZIQI','LINTANG TRENGGONO III NO. 26','ZAENAL ABIDIN',NULL,2015,0,1,'2018-01-14 04:02:50','2018-01-14 04:02:50'),(738,3,'1934',NULL,'MUHAMAD ARSYAL AZMI','PARANGKESIT III NO. 21','SUNOTO',NULL,2015,0,1,'2018-01-14 04:02:50','2018-01-14 04:02:50'),(739,3,'1940',NULL,'MUHAMMAD MAHARDIKA PUTRAWIRA YALAYUDA','PARANG SARPO IX NO. 38','YUDO PONCO ARI P',NULL,2015,0,1,'2018-01-14 04:02:50','2018-01-14 04:02:50'),(740,3,'1942',NULL,'MUHAMMAD NAWAF LAZUARDY','PARANG KEMBANG RAYA NO. 11','MUHAMMAD HAMDAN',NULL,2015,0,1,'2018-01-14 04:02:50','2018-01-14 04:02:50'),(741,3,'1943',NULL,'MUHAMMAD RASYA ABDUR RAHMAN','UDAN RIRIS III NO. 54','FAUZI',NULL,2015,0,1,'2018-01-14 04:02:50','2018-01-14 04:02:50'),(742,3,'1945',NULL,'MUHAMMAD ZIDANE AZKA RAYYA','SATRIO WIBOWO III NO. 46','HERU BASUKI',NULL,2015,0,1,'2018-01-14 04:02:50','2018-01-14 04:02:50'),(743,3,'1947',NULL,'NADYA ULYA ISNAINI','KIMAR III NO. 9','AGUS SUPRAJITNO',NULL,2015,0,1,'2018-01-14 04:02:51','2018-01-14 04:02:51'),(744,3,'1949',NULL,'NAFITA SAFITRI','TAMAN UDAN RIRIS I NO. 53','AGUSTA FITRIANTO',NULL,2015,0,1,'2018-01-14 04:02:51','2018-01-14 04:02:51'),(745,3,'1957',NULL,'NICKO YOVI SAPUTRA','KANGURU UTARA IX NO. 22','SUTIMIN',NULL,2015,0,1,'2018-01-14 04:02:51','2018-01-14 04:02:51'),(746,3,'1961',NULL,'OKTAVIANI GOR SPORTIYANINGTIAS','SINGA VI NO. 12','SUPRAMONO',NULL,2015,0,1,'2018-01-14 04:02:51','2018-01-14 04:02:51'),(747,3,'1973',NULL,'RHAZZAQUE PUTRA KHOIRIYOGISTA','PERUM WOLTERMONGINSIDI BARU E NO. 47','YOGA PRIYONO',NULL,2015,0,1,'2018-01-14 04:02:51','2018-01-14 04:02:51'),(748,3,'1979',NULL,'VARISHA RAHA AULIA IRAWAN','KETILENG ASRI IV NO. E 3','IRAWAN BUDI SANTOSO',NULL,2015,0,1,'2018-01-14 04:02:51','2018-01-14 04:02:51'),(749,3,'1844',NULL,'ABRISAM AHZA SAFARAZ','PERUM BPD III BLOK H NO. 14 C','BUDI PRASETYO',NULL,2015,0,1,'2018-01-14 04:05:38','2018-01-14 04:05:38'),(750,3,'1845',NULL,'ABYAN ATHA MAHENDRA','SINAR AGUNG NO. 253','NURYA ANGGA MAHENDRA',NULL,2015,0,1,'2018-01-14 04:05:38','2018-01-14 04:05:38'),(751,3,'1849',NULL,'ADYATAMA HERDI ARDIYANTO','BERUANG RAYA VI NO. 5 C','BUDI MULYONO',NULL,2015,0,1,'2018-01-14 04:05:38','2018-01-14 04:05:38'),(752,3,'1850',NULL,'AFDAN WILDAN FIRAZAN','DEPOK SARI','CHUMAIDI',NULL,2015,0,1,'2018-01-14 04:05:38','2018-01-14 04:05:38'),(753,3,'1855',NULL,'ALVARO BAUTISTA ADIASA','TAMANSARI INDRAPRASTA','HUDA ADIASA',NULL,2015,0,1,'2018-01-14 04:05:38','2018-01-14 04:05:38'),(754,3,'1869',NULL,'ATA NUFAYL AN-NABIH','JL. ABDUL MANAN','PRIAMBODO HANTORO',NULL,2015,0,1,'2018-01-14 04:05:38','2018-01-14 04:05:38'),(755,3,'1875',NULL,'AYASHA KAMEELA','MAHESA UTARA I A NO. 440','OKY ADHITYA WICAKSANA',NULL,2015,0,1,'2018-01-14 04:05:38','2018-01-14 04:05:38'),(756,3,'1879',NULL,'BIANCHA ALMEERA FHADISTYA SETIAWAN','TAMAN SENDANGSARI I NO. 7','DONY SETIAWAN',NULL,2015,0,1,'2018-01-14 04:05:38','2018-01-14 04:05:38'),(757,3,'1880',NULL,'BISMA MAHESWARA AL FAJR','MALANGSARI CLUSTER NO. 6','GATOT AGUNG SANTOSO',NULL,2015,0,1,'2018-01-14 04:05:38','2018-01-14 04:05:38'),(758,3,'1901',NULL,'FIERDA AMALIA AYU SORAYA','JL. MURTI SAKTI BLOK L NO. 224','QODIM SUSENO',NULL,2015,0,1,'2018-01-14 04:05:38','2018-01-14 04:05:38'),(759,3,'1905',NULL,'GHITHRIF JAFNA EFWALLAINARDI','JL. SENDANGGUWO SELATAN V','EFI SUSANTO',NULL,2015,0,1,'2018-01-14 04:05:38','2018-01-14 04:05:38'),(760,3,'1906',NULL,'GITA ANINDYA RAMADHANI','PONDOK MAJAPAHITI KK NO. 31','MURWADI',NULL,2015,0,1,'2018-01-14 04:05:38','2018-01-14 04:05:38'),(761,3,'1909',NULL,'JAVIER DENIAS PUTRA','PARANG KEMBANG II NO. 23','SLAMET ILYAS',NULL,2015,0,1,'2018-01-14 04:05:39','2018-01-14 04:05:39'),(762,3,'1911',NULL,'JUDESTA DRAGUNOV MURYANANDA CAESSAR','JL. KAUMAN BARAT VIII NO. 17','ADDE YULIUS CAESSAR',NULL,2015,0,1,'2018-01-14 04:05:39','2018-01-14 04:05:39'),(763,3,'1913',NULL,'KALLISTA ESTINA YUMNAMIRA','JL. PEDURUNGAN TENGAH XII NO. 9','ARYO KUNCORO AJI',NULL,2015,0,1,'2018-01-14 04:05:39','2018-01-14 04:05:39'),(764,3,'1920',NULL,'KINTAN NASYWA PARAHITA','JL. GANESHA UTARA III NO. 331','BAMBANG AGUS SULISTIYANTO',NULL,2015,0,1,'2018-01-14 04:05:39','2018-01-14 04:05:39'),(765,3,'1921',NULL,'LAYCHIESA KAYLA QUINCY JEFRINDA','PERUM BPD III BLOK H NO. 61','JEFRI ADRISAN HIDAYAT',NULL,2015,0,1,'2018-01-14 04:05:39','2018-01-14 04:05:39'),(766,3,'1925',NULL,'LUQMANA ARKAN FATHANI','PUCANG ADI II NO. 64','WIJANARKO',NULL,2015,0,1,'2018-01-14 04:05:39','2018-01-14 04:05:39'),(767,3,'1928',NULL,'MAISYA ERIKA PUTRI','KAUMAN VII NO. 2','ARIEF KURNIAWAN',NULL,2015,0,1,'2018-01-14 04:05:39','2018-01-14 04:05:39'),(768,3,'1931',NULL,'MAYLA ALLYA CHOIRUNNISA','LUMBUNGSARI V NO. 29','MAULUD SYUKANI',NULL,2015,0,1,'2018-01-14 04:05:39','2018-01-14 04:05:39'),(769,3,'1932',NULL,'MIKASA PUTRI JEYO','BANGETAYU WETAN','KAPLINK SAMIJAN',NULL,2015,0,1,'2018-01-14 04:05:39','2018-01-14 04:05:39'),(770,3,'1937',NULL,'MUHAMMAD AUFA IBNU SULISTIARNO','PANDA TIMUR NO. 2','IRAWAN SULISTIARNO',NULL,2015,0,1,'2018-01-14 04:05:39','2018-01-14 04:05:39'),(771,3,'1939',NULL,'MUHAMMAD KENZIE RAHMATULLAH','KAUMAN II NO. 31','FATKHUR RAKHMAN EDI F.',NULL,2015,0,1,'2018-01-14 04:05:39','2018-01-14 04:05:39'),(772,3,'1948',NULL,'NAFIS ERZA FARANDI','BANGET PRASETYA II NO. 45','SISWANTO',NULL,2015,0,1,'2018-01-14 04:05:39','2018-01-14 04:05:39'),(773,3,'1963',NULL,'PANDU KUSUMA REVAN PREMASWARA','PANDAN WANGI TENGAH III NO. D 27','DWI WIYANA',NULL,2015,0,1,'2018-01-14 04:05:39','2018-01-14 04:05:39'),(774,3,'1971',NULL,'REYSA ISLAMI SYLVANUGRAHA','TAMBAK BOYO PERUM DEPOK ASRI NO. 1','ARIEF SAEFUL SYLVANUGRAHA',NULL,2015,0,1,'2018-01-14 04:05:39','2018-01-14 04:05:39'),(775,3,'1972',NULL,'REZVAN LEATO MIBRAS FEIVEL','TAMAN SEKAR JAGAD I NO. 18/20','TITO DWI OKTOVA',NULL,2015,0,1,'2018-01-14 04:05:39','2018-01-14 04:05:39'),(776,3,'1975',NULL,'SAFNA SHULCHA MAJIDA','SINGA UTARA II NO. 65','DINUL KANIF',NULL,2015,0,1,'2018-01-14 04:05:39','2018-01-14 04:05:39'),(777,3,'1977',NULL,'SEKAR KAMILA SAKHI','SINGA RAYA NO. 2','WINARNO',NULL,2015,0,1,'2018-01-14 04:05:40','2018-01-14 04:05:40'),(778,3,'1981',NULL,'WAN BIONDA SYAH PUTRI','ARYAMUKTI TIMUR VIII NO. 207','WAN ARMANSYAH',NULL,2015,0,1,'2018-01-14 04:05:40','2018-01-14 04:05:40'),(779,3,'2000',NULL,'ULUNG PUTRI','PARANG KUSUMA II/12','BUDI PRASETYO',NULL,2015,0,1,'2018-01-14 04:05:40','2018-01-14 04:05:40'),(780,3,'2135',NULL,'AULIA NADHIFAH AL-AKMI','TEGOWANU KULON RT.01 RW.02','AKAD YULIANTO',NULL,2015,0,1,'2018-01-14 04:05:40','2018-01-14 04:05:40'),(781,3,'1851',NULL,'AKMA AUFA RAKSYAKA','ASPOL GAYAMSARI','SUKAHAR',NULL,2015,0,1,'2018-01-14 04:08:15','2018-01-14 04:08:15'),(782,3,'1858',NULL,'AMARIO WAMABAYANA NUGROHO','KLIPANG PESONA ASRI II BLOK M NO. 202','AGUS SETIYO NUGROHO',NULL,2015,0,1,'2018-01-14 04:08:15','2018-01-14 04:08:15'),(783,3,'1866',NULL,'AQILLA NADIM GHASSANY','JL. TAMAN TURANGGA NO. 959','DIMAS SEPTIAWAN R.',NULL,2015,0,1,'2018-01-14 04:08:15','2018-01-14 04:08:15'),(784,3,'1874',NULL,'AXEL ARRAZAQ SAHASIKA SUGIARTO','PARANG KESIT V NO. 38','ANDI SUGIARTO',NULL,2015,0,1,'2018-01-14 04:08:15','2018-01-14 04:08:15'),(785,3,'1878',NULL,'BAYU RADITYA MELVIN WIJAYA','JL. WIDORO III','MAS\'UD HASIM',NULL,2015,0,1,'2018-01-14 04:08:15','2018-01-14 04:08:15'),(786,3,'1882',NULL,'DAFFA AURA PERMANA','JL. NGABLAK INDAH III','PURWOKO ADI UTOMO',NULL,2015,0,1,'2018-01-14 04:08:15','2018-01-14 04:08:15'),(787,3,'1884',NULL,'DANISH FARDAD ARDYANSYAH','SENDANGGUWO','RIDWAN LAMSYAH',NULL,2015,0,1,'2018-01-14 04:08:16','2018-01-14 04:08:16'),(788,3,'1888',NULL,'DEVINA SARAH','JL. ARYAMUKTI TIMUR VI NO. 299','WAWAN MUHAMMAD C',NULL,2015,0,1,'2018-01-14 04:08:16','2018-01-14 04:08:16'),(789,3,'1889',NULL,'DIAH AYU WIRASNI','JL. KIJANG I NO. 10','JOHNI DWI HARI PUTRANTO',NULL,2015,0,1,'2018-01-14 04:08:16','2018-01-14 04:08:16'),(790,3,'1890',NULL,'DIAH AYU WIRASTI','JL. KIJANG I NO. 10','JOHNI DWI HARI PUTRANTO',NULL,2015,0,1,'2018-01-14 04:08:16','2018-01-14 04:08:16'),(791,3,'1893',NULL,'FAHIRA ISNA ADEYYA','GEBANG SARI I','BAMBANG SIHONO',NULL,2015,0,1,'2018-01-14 04:08:16','2018-01-14 04:08:16'),(792,3,'1902',NULL,'FINSA ADELINE WINARNO','MAHESA UTARA I NO. 435','FITRA WAHYU WINARNO',NULL,2015,0,1,'2018-01-14 04:08:16','2018-01-14 04:08:16'),(793,3,'1908',NULL,'HIBBAAN AL AASHIM PUTRA SAAJIDA','JL. PANDA UTARA III NO. 3','GATOT GANDA PUTRA',NULL,2015,0,1,'2018-01-14 04:08:16','2018-01-14 04:08:16'),(794,3,'1910',NULL,'JAVIERA FARREL SANJAYA','JL. DEPOK DALAM III NO. 10','NUR IKSAN',NULL,2015,0,1,'2018-01-14 04:08:16','2018-01-14 04:08:16'),(795,3,'1916',NULL,'KHANSA MARITZA QUINTIKA UTAMA','JL. TLOGOSALMA A.5','JATI UTAMA',NULL,2015,0,1,'2018-01-14 04:08:16','2018-01-14 04:08:16'),(796,3,'1918',NULL,'KIARA ARESTY PRASISTA','ASPOL SENDANG MULYO D.20','YULIYANTO',NULL,2015,0,1,'2018-01-14 04:08:16','2018-01-14 04:08:16'),(797,3,'1930',NULL,'MAULANA DJOYO MANGKUBAWONO','BERUANG RAYA NO. 48','BAMBANG TRI BAWONO',NULL,2015,0,1,'2018-01-14 04:08:16','2018-01-14 04:08:16'),(798,3,'1933',NULL,'MOHAMMAD DZULFIKAR CHENG HOO','JL. KELAPA GADING','MOH ICHWAN DS',NULL,2015,0,1,'2018-01-14 04:08:16','2018-01-14 04:08:16'),(799,3,'1938',NULL,'MUHAMMAD DZAKI FADHLUR RAHMAN','PANDA RAYA NO. 2D','SUWONO',NULL,2015,0,1,'2018-01-14 04:08:16','2018-01-14 04:08:16'),(800,3,'1951',NULL,'NAOMI ZHAFIRA RIZKY','JL. GAJAH BIROWO NO. 2','DWI RIZKI SETIYANTO',NULL,2015,0,1,'2018-01-14 04:08:16','2018-01-14 04:08:16'),(801,3,'1952',NULL,'NARENDRA MUHAMMAD ZEKIEL','KALICARI II C NO. 33 C','AGUNG SETIO NUGROHO',NULL,2015,0,1,'2018-01-14 04:08:16','2018-01-14 04:08:16'),(802,3,'1955',NULL,'NAURA AQEELAA ALYAAMANTA','PERUM PERMATA MAJAPAHIT KAV 54','BOBBY HERIYANTO',NULL,2015,0,1,'2018-01-14 04:08:16','2018-01-14 04:08:16'),(803,3,'1956',NULL,'NESYLLA HELEN SETYA WIBOWO','BLEDAK ANGGUR I NO. 9','HEPPY PIET WIBOWO',NULL,2015,0,1,'2018-01-14 04:08:16','2018-01-14 04:08:16'),(804,3,'1959',NULL,'NINA JULIA SYARIFAH','JL. SIDOMULYO VI / 60','MIFTAKHUL UMAM',NULL,2015,0,1,'2018-01-14 04:08:16','2018-01-14 04:08:16'),(805,3,'1960',NULL,'NISA KAMILA FADHILA','KAUMAN VIII NO. 9','ACHMAD ACHADI',NULL,2015,0,1,'2018-01-14 04:08:16','2018-01-14 04:08:16'),(806,3,'1964',NULL,'QUINSHA MUMTAZA LAKSITA','JL. TLOGO PUTIH NO. 214','MUHAMMAD RUSTAMAJI',NULL,2015,0,1,'2018-01-14 04:08:16','2018-01-14 04:08:16'),(807,3,'1965',NULL,'RAFFI GADING KAYYASA','JL. ARGOMULYO MUKTI VIII NO. 284','AGUS SETYO PAMBUDI',NULL,2015,0,1,'2018-01-14 04:08:16','2018-01-14 04:08:16'),(808,3,'1967',NULL,'RAHIMA CARISSA KURNIASUKMA PUTRI','JL. WOLTERMONGINSIDI KAV. RESIDENCE NO. 43','RUDY CAHYA KURNIAWAN',NULL,2015,0,1,'2018-01-14 04:08:17','2018-01-14 04:08:17'),(809,3,'1973',NULL,'RIKZA IBRAHIM DARYONO','JL. PLAMONGAN ASRI I NO. B 82','KUSDARYONO',NULL,2015,0,1,'2018-01-14 04:08:17','2018-01-14 04:08:17'),(810,3,'1975',NULL,'SATRIO WISNU AJI RAMADHAN','JL. MENJANGAN II NO. 17','PRASTOWO ARIEF PUTRANTO',NULL,2015,0,1,'2018-01-14 04:08:17','2018-01-14 04:08:17'),(811,3,'1977',NULL,'SYAKIRA PUTRI SHALIKHAH','JL. TAMAN MUKTI SELATAN II NO. 301','AGUNG SUPRIYONO',NULL,2015,0,1,'2018-01-14 04:08:17','2018-01-14 04:08:17'),(812,3,'1983',NULL,'ZALIKA GELSI BILGE','JL. KALICARI II BLOK A/7','DONNY OKTAVIA',NULL,2015,0,1,'2018-01-14 04:08:17','2018-01-14 04:08:17'),(813,3,'1997',NULL,'QUEEN MAYDASHEHA ALMAQHVIRA','JL. KALICARI III / 24','SONI WARDAN',NULL,2015,0,1,'2018-01-14 04:08:17','2018-01-14 04:08:17'),(814,3,'2275',NULL,'BINTANG ALIF KENZIE RABBANI','JL. TUNJUNG BIRU II NO. 27','SOLIKAN',NULL,2015,0,1,'2018-01-14 04:08:17','2018-01-14 04:08:17'),(815,3,'1746',NULL,'ADRYAN WAHYU NOER PRATAMA','CONDROREJO','DWI WAHYU CAHYA K.',NULL,2014,0,1,'2018-01-14 04:21:17','2018-01-14 04:21:17'),(816,3,'1747',NULL,'ALUNA SAGITA CAHYARANI','JL. DALEMAN','SUBIYANTORO',NULL,2014,0,1,'2018-01-14 04:21:17','2018-01-14 04:21:17'),(817,3,'1748',NULL,'ALYA HASIFA BUDIANTI QUROTA\'AYUN','JL. SERUNI II NO. 28','BUDI WAHONO',NULL,2014,0,1,'2018-01-14 04:21:17','2018-01-14 04:21:17'),(818,3,'1749',NULL,'AMIRA SALMA AQILA','PEDURUNGAN TENGAH III A NO. 11','BAGUS WIJAYANTO',NULL,2014,0,1,'2018-01-14 04:21:18','2018-01-14 04:21:18'),(819,3,'1750',NULL,'AMRULLAH AHMAD','JL. MUWARDI TIMUR V NO. 8','DJOKO SUPRIYANTO',NULL,2014,0,1,'2018-01-14 04:21:18','2018-01-14 04:21:18'),(820,3,'1751',NULL,'ANEYRA ARDA PENIRESWARI AILSA','TAMAN TLOGOMULYO II NO. 7','YUDA PRATOMO',NULL,2014,0,1,'2018-01-14 04:21:18','2018-01-14 04:21:18'),(821,3,'1753',NULL,'ATHA NADIA RAFA','KAUMAN II NO. 8','YAZID KURNIAWAN',NULL,2014,0,1,'2018-01-14 04:21:18','2018-01-14 04:21:18'),(822,3,'1758',NULL,'AZALIA JENAR ATMAJI','JL. GANESHA UTARA I NO. 223','WAHYU AJI WIDODO',NULL,2014,0,1,'2018-01-14 04:21:18','2018-01-14 04:21:18'),(823,3,'1761',NULL,'BINTANG JAMALULLAIL CAKRAYUDA','JL. WAHYU TEMURUN I NO. 18','ADI SULISTIYONO',NULL,2014,0,1,'2018-01-14 04:21:18','2018-01-14 04:21:18'),(824,3,'1762',NULL,'BUNGA CANTIKA DINDA HARSETYA','JL. PERUM GRIYA ARTERI BARU 106','SUHARJONO',NULL,2014,0,1,'2018-01-14 04:21:18','2018-01-14 04:21:18'),(825,3,'1764',NULL,'CHAIRUNNISA CASIMIRA SHALEHA','SAWAH BESAR IX NO. 50','EKO WAHYUDI',NULL,2014,0,1,'2018-01-14 04:21:18','2018-01-14 04:21:18'),(826,3,'1767',NULL,'CYRILLA FAWWAZILLAH DEWI PARAHITA','JL. TAMAN MAHESA MUKTI I NO. A385','BANDOT WAHYU WIDYOPRAKOSO',NULL,2014,0,1,'2018-01-14 04:21:18','2018-01-14 04:21:18'),(827,3,'1775',NULL,'EKA BAGUS PRABOWO','JL. SEMBUNGHARJO','DHAFIK WIBOWO',NULL,2014,0,1,'2018-01-14 04:21:18','2018-01-14 04:21:18'),(828,3,'1777',NULL,'FIRYAL NADZIF AUFA','TLOGO TIMUN MAS KAV. 3B','ABDUL AZIS',NULL,2014,0,1,'2018-01-14 04:21:18','2018-01-14 04:21:18'),(829,3,'1780',NULL,'FRIDLIASTAMA FICO ADIPRAMANA','JL. PARANG BARONG VII NO. 52','FRIDS PAREME',NULL,2014,0,1,'2018-01-14 04:21:18','2018-01-14 04:21:18'),(830,3,'1779',NULL,'HAIKAL YUDA AL AYUBI','JL. TURANGGA TIMUR I NO. 972','YUSUF PRABOWO, S.E',NULL,2014,0,1,'2018-01-14 04:21:18','2018-01-14 04:21:18'),(831,3,'1782',NULL,'HAYKAL FAIZ','JL. SIDODRAJAT RAYA NO. 26','SUTRISNO',NULL,2014,0,1,'2018-01-14 04:21:18','2018-01-14 04:21:18'),(832,3,'1783',NULL,'ISSYA PUTRI ADELLA','BERUANG DALAM BARAT V','SULIANTO',NULL,2014,0,1,'2018-01-14 04:21:18','2018-01-14 04:21:18'),(833,3,'1785',NULL,'JAVIER AFGHANI PUTRA WIBOWO','PERUM WOLTERMONGINSIDI BARU','DIMAS ARYO WIBOWO',NULL,2014,0,1,'2018-01-14 04:21:18','2018-01-14 04:21:18'),(834,3,'1786',NULL,'KEISHA TARA HENNA','JL. TIRTO MUKTI RAYA 985','OKTA KOERNIAWAN',NULL,2014,0,1,'2018-01-14 04:21:18','2018-01-14 04:21:18'),(835,3,'1792',NULL,'KHAYLA ATHAYA MUMTAZA','JL. MALANGSARI CLUSTER 10','MOHAMAD FITRIANTO',NULL,2014,0,1,'2018-01-14 04:21:18','2018-01-14 04:21:18'),(836,3,'1795',NULL,'MUHAMMAD FARREL RIZKY ALANDRA','POTROSARI II NO. 6','ANDRIAS PURWA ASMARA',NULL,2014,0,1,'2018-01-14 04:21:18','2018-01-14 04:21:18'),(837,3,'1807',NULL,'MUHAMMAD RULLY NUR HASBI','JL. BANTENG UTARA II NO. 19','ROFIQ NUR FUAD',NULL,2014,0,1,'2018-01-14 04:21:18','2018-01-14 04:21:18'),(838,3,'1808',NULL,'RAIHAN NAZHERA SUPRIATNA','JL. SINGA I NO. 26','SUPRIATNA',NULL,2014,0,1,'2018-01-14 04:21:19','2018-01-14 04:21:19'),(839,3,'1809',NULL,'RANEE FAUZIYAH YASMIN','JL. SUPRIYADI NO. 8','HUSNI UBAIDURRAHMAN',NULL,2014,0,1,'2018-01-14 04:21:19','2018-01-14 04:21:19'),(840,3,'1810',NULL,'RAYA RAMBU BUMI','DEMPEL BERLIAN I NO. 11','RIYADI',NULL,2014,0,1,'2018-01-14 04:21:19','2018-01-14 04:21:19'),(841,3,'1812',NULL,'REZA ANASILO RAMADHAN','KANGURU SELATAN II NO. 11','SIGIT DWI HARYANTO',NULL,2014,0,1,'2018-01-14 04:21:19','2018-01-14 04:21:19'),(842,3,'1813',NULL,'RIFAYA ALMIRA SANARI','PERUM WOLTERMONGINSIDI BARU NO. 50','SUUDI MUT\'IM',NULL,2014,0,1,'2018-01-14 04:21:19','2018-01-14 04:21:19'),(843,3,'1815',NULL,'RIZKINAA WIDYA RIFTI','JL. DR. MUWARDI TIMUR VII NO. 8','ANDI SULISTYO',NULL,2014,0,1,'2018-01-14 04:21:19','2018-01-14 04:21:19'),(844,3,'1817',NULL,'SEVILLA DUNOV HARTANTO','PLAMONGAN INDAH BLOK H.1O NO. 7','BAMBANG HARTANTO',NULL,2014,0,1,'2018-01-14 04:21:19','2018-01-14 04:21:19'),(845,3,'1818',NULL,'SONIA SELVIANI','SUHADA BARAT III NO. 34','RISKYANTO',NULL,2014,0,1,'2018-01-14 04:21:19','2018-01-14 04:21:19'),(846,3,'1821',NULL,'SYALOUM NAYLA SOFA','JL. GAJAH NO. 26 B','ABDUL KADIR',NULL,2014,0,1,'2018-01-14 04:21:19','2018-01-14 04:21:19'),(847,3,'1823',NULL,'VIRGIE AMELLA TETERISSA','JL. BANDUNG SARI II KAV. 16','RIDO TETERISSA',NULL,2014,0,1,'2018-01-14 04:21:19','2018-01-14 04:21:19'),(848,3,'1824',NULL,'WIRAYUDHA ANGKASAWAN AKBAR','SINAR ASIH II NO. 966 B','EKO YULIANTO',NULL,2014,0,1,'2018-01-14 04:21:19','2018-01-14 04:21:19'),(849,3,'1826',NULL,'WRAYANG ANDHITA TRUSTHI','DEMPEL BARU RAYA III NO. 5','SUSILO TRI HANDOKO',NULL,2014,0,1,'2018-01-14 04:21:19','2018-01-14 04:21:19'),(850,3,'2133',NULL,'AFIZ ROZAQ EFFENDI','JL. KAWUNG IX NO. 02 , TLOGOSARI KULON','IMAM EFFENDI',NULL,2014,0,1,'2018-01-14 04:21:19','2018-01-14 04:21:19'),(851,3,'1744',NULL,'ABDURRAHMAN AZMI NAKA ARSYAD','JL. SINAR WIJAYA, KEDUNGMUNDU, RT. 10 RW. 6','NAJIB',NULL,2014,0,1,'2018-01-14 04:21:39','2018-01-14 04:21:39'),(852,3,'1745',NULL,'ADISTY SYAHLA PUTRI AHMAD','JL. KANGURU UTARA III NO. 12','BAYU AHMAD THOLIBY MA\'RUF',NULL,2014,0,1,'2018-01-14 04:21:39','2018-01-14 04:21:39'),(853,3,'1752',NULL,'ARTAHSASTA BIMA NARARYA','JL. TLOGO MAS NO. 153','HARPANANDA EKA SARWADHAMANA',NULL,2014,0,1,'2018-01-14 04:21:39','2018-01-14 04:21:39'),(854,3,'1754',NULL,'ATHALLAH DZAKA PRADYASTRA','JL. BADAK II NO. 49','HADI SUPRANOTO',NULL,2014,0,1,'2018-01-14 04:21:39','2018-01-14 04:21:39'),(855,3,'1755',NULL,'ATHAYA SYIFA KIRANA','JL. PEDURUNGAN BARU III NO. 64/65','FITKA SEPTYA DANI',NULL,2014,0,1,'2018-01-14 04:21:39','2018-01-14 04:21:39'),(856,3,'1756',NULL,'ATHIRA GHITHA\' SISWOYO','JL. RAMIN I NO. 85','SISWOYO',NULL,2014,0,1,'2018-01-14 04:21:40','2018-01-14 04:21:40'),(857,3,'1757',NULL,'AURA RAIDAH SUSILO','JL. TLOGO SARANGAN I BLOK B NO. 5','JOKO SUSILO',NULL,2014,0,1,'2018-01-14 04:21:40','2018-01-14 04:21:40'),(858,3,'1759',NULL,'AZZARA SHAFA AURELIA','JL. KANGURU TIMUR I NO. 3','DARMAJI',NULL,2014,0,1,'2018-01-14 04:21:40','2018-01-14 04:21:40'),(859,3,'1760',NULL,'AZZELYKA NAURA NANIAN PUTRI','SINGA UTARA DALAM I','YUNIANTO SUKOREDJO',NULL,2014,0,1,'2018-01-14 04:21:40','2018-01-14 04:21:40'),(860,3,'1763',NULL,'CHINTYA RAISSA AZALIA','PERUM KAMPOENG SEMAWIS BLOK F 25','JOKO MARYOKO',NULL,2014,0,1,'2018-01-14 04:21:40','2018-01-14 04:21:40'),(861,3,'1765',NULL,'DAFIAN RIZKY RAMADHAN','JL. KAUMAN II NO. 25','SOEPRIJANTO',NULL,2014,0,1,'2018-01-14 04:21:40','2018-01-14 04:21:40'),(862,3,'1771',NULL,'FAREL RIZQI PUTRA JARFA','JL. SELOMULYOMUKTI BARAT VI NO. 88','SUJARWO',NULL,2014,0,1,'2018-01-14 04:21:40','2018-01-14 04:21:40'),(863,3,'1772',NULL,'FARHAN MUHAMMAD RAMADHENY','PLAMONGAN INDAH BLOK H 7 NO. 1','MARSONO',NULL,2014,0,1,'2018-01-14 04:21:40','2018-01-14 04:21:40'),(864,3,'1773',NULL,'FARREL BAHTIAR RAFIF','JL. KALICARI II C NO. 33','AGUNG SETIO NUGROHO',NULL,2014,0,1,'2018-01-14 04:21:40','2018-01-14 04:21:40'),(865,3,'1774',NULL,'FIRDAUS RAYHAN AMRULLAH','JL. TLOGOBIRU III NO. 31','IRFAN YUWONO',NULL,2014,0,1,'2018-01-14 04:21:40','2018-01-14 04:21:40'),(866,3,'1776',NULL,'FLOWRENCE NATHASYA BIANTORO','SENDANGSARI BARAT II','WIBOWO BIANTORO',NULL,2014,0,1,'2018-01-14 04:21:40','2018-01-14 04:21:40'),(867,3,'1778',NULL,'GHANIA ALIYA FAZILA','JL. GAJAH TIMUR DALAM IV NO. 14 A','EKO SETYAWAN',NULL,2014,0,1,'2018-01-14 04:21:40','2018-01-14 04:21:40'),(868,3,'1781',NULL,'HAYFA NARENDRA ADLI','JL. TAMAN TLOGOMULYO 36 A','RAHNU JUNARNO',NULL,2014,0,1,'2018-01-14 04:21:40','2018-01-14 04:21:40'),(869,3,'1784',NULL,'KAYLA LALITA PUTRI','ASPOL GAYAMSARI NO. 1','ADJI SETIAWAN',NULL,2014,0,1,'2018-01-14 04:21:40','2018-01-14 04:21:40'),(870,3,'1787',NULL,'KINAN RAIHAN','JL. KEDUNGMUNDU RAYA NO. 38','YULIANTO',NULL,2014,0,1,'2018-01-14 04:21:40','2018-01-14 04:21:40'),(871,3,'1788',NULL,'LIVIA DEWINA KUSNAPUTRI','JL. ARYA MUKTI SELATAN II NO. 681','KUSMARYONO, S.Si',NULL,2014,0,1,'2018-01-14 04:21:40','2018-01-14 04:21:40'),(872,3,'1790',NULL,'MAULANA RIDHO WICAKSONO','JL. SINGA TENGAH II NO. 11','ECHWAN ALI',NULL,2014,0,1,'2018-01-14 04:21:40','2018-01-14 04:21:40'),(873,3,'1791',NULL,'MUCHSIN BIN EDO ASSAIDI','JL. TLOGOSARI RAYA I NO. 65 E','EDO BIN AWUD ASSAIDI',NULL,2014,0,1,'2018-01-14 04:21:40','2018-01-14 04:21:40'),(874,3,'1793',NULL,'MUHAMMAD RAIHAN MUJADDID','TLOGOSARI SELATAN BLOK I NO. 15','NUR SHOHIB',NULL,2014,0,1,'2018-01-14 04:21:40','2018-01-14 04:21:40'),(875,3,'1794',NULL,'MUHAMMAD RASYA KHOIRUL AKBAR','JL. GRIYA PRASTYA SELATAN IV NO. 56','SARDI',NULL,2014,0,1,'2018-01-14 04:21:40','2018-01-14 04:21:40'),(876,3,'1796',NULL,'MUHAMMAD SYAHREZA AL ANSHORI','JL. PANDA DALAM NO. 16','TURMUDI',NULL,2014,0,1,'2018-01-14 04:21:41','2018-01-14 04:21:41'),(877,3,'1797',NULL,'MUHAMMAD ZAKKI ALFAREZI','SIDO ASIH II NO. 40','YOSSI FEBRIYONO',NULL,2014,0,1,'2018-01-14 04:21:41','2018-01-14 04:21:41'),(878,3,'1798',NULL,'NABILA FITRI RIZQI RIANDY','JL. SINGA TENGAH II NO. 6','EDY PURWANTONO',NULL,2014,0,1,'2018-01-14 04:21:41','2018-01-14 04:21:41'),(879,3,'1799',NULL,'NAIDA MARSELLA WHISNITA','PERUM BPD IV F/52','WHISNUMURTI ADHIWIBOWO',NULL,2014,0,1,'2018-01-14 04:21:41','2018-01-14 04:21:41'),(880,3,'1801',NULL,'NAYSILA FATHMA NOVITASARI','UDAN RIRIS IV NO. 5','ERWIN DUANDA SUSIAWAN',NULL,2014,0,1,'2018-01-14 04:21:41','2018-01-14 04:21:41'),(881,3,'1802',NULL,'OKTAFIRA RAMADHANI','JL. ARGOMULYO MUKTI V BLOK D 203','ARIFANTO',NULL,2014,0,1,'2018-01-14 04:21:41','2018-01-14 04:21:41'),(882,3,'1803',NULL,'QUEEN FATHIMAH ZAHRA','PESONA ASRI I NO. B1','SUPRIYANTO',NULL,2014,0,1,'2018-01-14 04:21:41','2018-01-14 04:21:41'),(883,3,'1804',NULL,'RADITYA BISMA WIRAYUDHA','KEDONDONG DALAM I NO. 417','DWI PRAMUDIONO',NULL,2014,0,1,'2018-01-14 04:21:41','2018-01-14 04:21:41'),(884,3,'1805',NULL,'RAFIF SAMANA DIZHA','TIRTO PURWOSARI NO. 14','ADI SURONO',NULL,2014,0,1,'2018-01-14 04:21:41','2018-01-14 04:21:41'),(885,3,'1811',NULL,'REZQYA MIFTAKHUL JANNAH','PERUM WOLTER MONGINSIDI BARU NO. 35','ALIF FAUZI',NULL,2014,0,1,'2018-01-14 04:21:41','2018-01-14 04:21:41'),(886,3,'1814',NULL,'SEKAR AYU AISHA ALMAGHFIRA','PESONA ASRI II C3 NO. 4','MUHAMMAD KHOSYI\'IN',NULL,2014,0,1,'2018-01-14 04:21:41','2018-01-14 04:21:41'),(887,3,'1819',NULL,'TALITHA NABILAH IRHAB ABIDIN','GANESHA MUKTI NO. 347','W. CHOMARUDIN',NULL,2014,0,1,'2018-01-14 04:21:41','2018-01-14 04:21:41'),(888,3,'2134',NULL,'KAKA ZULFIAN PRATAMA','JL. KWARON I RT 10 RW 02','YULI KRISTYANTO',NULL,2014,0,1,'2018-01-14 04:21:41','2018-01-14 04:21:41'),(889,3,'2138',NULL,'FADHILLAH MAHESWARA AL AZIZ','GRAHA MUKTI RESIDENCE NO. 10 PEDURUNGAN','AZHAR AZIZ',NULL,2014,0,1,'2018-01-14 04:21:41','2018-01-14 04:21:41'),(890,3,'1662',NULL,'ADIS WARDANI','JL. KAMILUTO 13 NO. 8','MARA\'IE',NULL,2013,0,1,'2018-01-14 04:21:56','2018-01-14 04:21:56'),(891,3,'1663',NULL,'AFIQ \'ATHOURROHMAN','KANGURU UTARA','MASRUCHAN',NULL,2013,0,1,'2018-01-14 04:21:56','2018-01-14 04:21:56'),(892,3,'1665',NULL,'AISYAH FITRI NURISMAYANI','KAUMAN RAYA','ISMANTO',NULL,2013,0,1,'2018-01-14 04:21:56','2018-01-14 04:21:56'),(893,3,'1667',NULL,'ALIKA IZDIHAR ZHAFIRAH','JL. PEDURUNGAN TENGAH V NO. 17','SUNGKONO HADI CAHYO',NULL,2013,0,1,'2018-01-14 04:21:56','2018-01-14 04:21:56'),(894,3,'1668',NULL,'ANA ALFIANTIKA NAURA SAKINA','REJOSARI','ABDUL ROHIM',NULL,2013,0,1,'2018-01-14 04:21:56','2018-01-14 04:21:56'),(895,3,'1669',NULL,'ANINDHITA RISQUEENA SOPHIA DEWI','GEMAH KENCANA','EFANG SOFFIAN',NULL,2013,0,1,'2018-01-14 04:21:56','2018-01-14 04:21:56'),(896,3,'1675',NULL,'ATHALLAH CAHAYA PRATAMA','JL. GAYAMSARI','SUYOTO',NULL,2013,0,1,'2018-01-14 04:21:56','2018-01-14 04:21:56'),(897,3,'1676',NULL,'AZ ZAHRA RAHMA DINI','JL. PEDURUNGAN TENGAH V NO. 23','BUDIONO',NULL,2013,0,1,'2018-01-14 04:21:56','2018-01-14 04:21:56'),(898,3,'1677',NULL,'AZALIA LUVENA SHIFA','MERPATI','SOLECHUDIN',NULL,2013,0,1,'2018-01-14 04:21:56','2018-01-14 04:21:56'),(899,3,'1683',NULL,'CLAYRIN ZAHRA AL HENDRIG','PALEBON','HENDRIG SETYAWAN',NULL,2013,0,1,'2018-01-14 04:21:56','2018-01-14 04:21:56'),(900,3,'1684',NULL,'DANASTRI ANIK WIJIYANTI','JL. WAHYU TEMURUN VI NO. 5','KARSONO',NULL,2013,0,1,'2018-01-14 04:21:56','2018-01-14 04:21:56'),(901,3,'1686',NULL,'DENNIS PUTRA SUTIKNO','KAUMAN RAYA','SUTIKNO SUWITO',NULL,2013,0,1,'2018-01-14 04:21:56','2018-01-14 04:21:56'),(902,3,'1687',NULL,'DIMAS WAHYU ANANDA','SENDANGGUWO BARU','HARRY MURHANDOKO',NULL,2013,0,1,'2018-01-14 04:21:56','2018-01-14 04:21:56'),(903,3,'1688',NULL,'DITA NADYA PUTRI','PERUM GRIYA ARTERI BARU','SURYOTO RAHAYUDI',NULL,2013,0,1,'2018-01-14 04:21:56','2018-01-14 04:21:56'),(904,3,'1830',NULL,'EVAN RELEVAN ZUBAIR ZAKY','JL. PARANG KUSUMO VI NO. 6','JATI LEKSONO',NULL,2013,0,1,'2018-01-14 04:21:56','2018-01-14 04:21:56'),(905,3,'1690',NULL,'FADHILA MEUTHIA ARIFAH','JL. PALEBON RAYA','AHMAD JAELANI',NULL,2013,0,1,'2018-01-14 04:21:56','2018-01-14 04:21:56'),(906,3,'1693',NULL,'FAIRUZ RAHMADHANI','PERUM SEMBUNGHARJO PERMAI','HARSONO',NULL,2013,0,1,'2018-01-14 04:21:56','2018-01-14 04:21:56'),(907,3,'1695',NULL,'FARDA SYARIF MUBAROK','JL. TLOGO ASRI','MUHAMAD HUSNI MUBAROK',NULL,2013,0,1,'2018-01-14 04:21:57','2018-01-14 04:21:57'),(908,3,'1697',NULL,'FATHIARAHMA JIHAN NADIRA','PERUM GRAHA WAHID','MUH ADIB',NULL,2013,0,1,'2018-01-14 04:21:57','2018-01-14 04:21:57'),(909,3,'1698',NULL,'FREDELINE AUBREY FIORENZA','JL. KAUMAN','AGUNG WIDIYANTO',NULL,2013,0,1,'2018-01-14 04:21:57','2018-01-14 04:21:57'),(910,3,'1703',NULL,'HILMI LAUDZA AT HALLAH','JL. TAMBAK DALAM RAYA','WIDODO',NULL,2013,0,1,'2018-01-14 04:21:57','2018-01-14 04:21:57'),(911,3,'1704',NULL,'IKHWAN AZIZ ARIFUDIN','ASPOL TLOGOMULYO','SRIYONO',NULL,2013,0,1,'2018-01-14 04:21:57','2018-01-14 04:21:57'),(912,3,'1705',NULL,'IVANDER AZZAM ABYANTARA','JL. LINTANG TRENGGONO','I. TRISNA PRIAMBODO',NULL,2013,0,1,'2018-01-14 04:21:57','2018-01-14 04:21:57'),(913,3,'1706',NULL,'KEISHA ZAHRA MAZAYA','JL. TANGGUL ASRI','SETYO BUDI',NULL,2013,0,1,'2018-01-14 04:21:57','2018-01-14 04:21:57'),(914,3,'1709',NULL,'KHOIRUNISA MEYLAFARAH SETYANTI','PERUM TAMAN KALICARI VII','YAN SETYAWANTO',NULL,2013,0,1,'2018-01-14 04:21:57','2018-01-14 04:21:57'),(915,3,'1715',NULL,'MUHAMMAD KHABIB NURHAKIM','JL. PANDAN WANGI','MUSTOFA',NULL,2013,0,1,'2018-01-14 04:21:57','2018-01-14 04:21:57'),(916,3,'1718',NULL,'NAILA RAYA ALIFA','PERUM. DOLOK BLOK M','FEBRIE HARTANTO',NULL,2013,0,1,'2018-01-14 04:21:57','2018-01-14 04:21:57'),(917,3,'1720',NULL,'NAUFAL FAHREZY DWI SAPUTRA','JL. DEMPEL BERLIAN','DONY TRI SAKSANA PUTRA',NULL,2013,0,1,'2018-01-14 04:21:57','2018-01-14 04:21:57'),(918,3,'1721',NULL,'NAURA KHOIRUNNISA ZAKIARTA','PURI DINAR ELOK A.18 NO. 4','WIMBRIARTA DHARMAWIRAWAN',NULL,2013,0,1,'2018-01-14 04:21:57','2018-01-14 04:21:57'),(919,3,'1722',NULL,'NOVIANABELLA PUTRI PAWESTRI','LAMPER MIJEN','PURWANTO JOKO NARBODO',NULL,2013,0,1,'2018-01-14 04:21:57','2018-01-14 04:21:57'),(920,3,'1723',NULL,'NUR FITRIA RACHMADEWI','DEPOKSARI TANDANG','CHUMAIDI',NULL,2013,0,1,'2018-01-14 04:21:57','2018-01-14 04:21:57'),(921,3,'1724',NULL,'OCEANIA SEKAR NABILA','GASEM WULUNG','BEJO KUSWANTONO',NULL,2013,0,1,'2018-01-14 04:21:57','2018-01-14 04:21:57'),(922,3,'1726',NULL,'RAFIEF AKBAR ALKA PUTRA','JL. SINGA IV NO. 90','REYNALDI HIKRAM PUTERA SANTOSO',NULL,2013,0,1,'2018-01-14 04:21:57','2018-01-14 04:21:57'),(923,3,'1727',NULL,'RAFIF KHANSA RETANTO','DEMPEL BERLIAN','TANTO',NULL,2013,0,1,'2018-01-14 04:21:57','2018-01-14 04:21:57'),(924,3,'1728',NULL,'RAIHAN TRISASONGKO PUTRA','JL. KALICARI TENGAH','EKO DARYANTO',NULL,2013,0,1,'2018-01-14 04:21:57','2018-01-14 04:21:57'),(925,3,'1731',NULL,'RAMIRO AZKA RAMADHAN NUGROHO','JL. SINGA TENGAH DALAM','BAMBANG WAHYU HADI NUGROHO',NULL,2013,0,1,'2018-01-14 04:21:57','2018-01-14 04:21:57'),(926,3,'1732',NULL,'RASYA ARFA ALVERIYAN','JL. SINGA III','IMAM SUBEHI',NULL,2013,0,1,'2018-01-14 04:21:57','2018-01-14 04:21:57'),(927,3,'1733',NULL,'RATIH DEWI NUGRAENI','JL. KAUMAN','DODHI KUNCORO SETIYONO N',NULL,2013,0,1,'2018-01-14 04:21:57','2018-01-14 04:21:57'),(928,3,'1734',NULL,'REVALIA ORIANA AYLSA','PER. PERMATA WOLTERMONGINSIDI','HENDRI YANTO',NULL,2013,0,1,'2018-01-14 04:21:57','2018-01-14 04:21:57'),(929,3,'1735',NULL,'RIKAZ ARYO FASSYA','JL. SINGA TIMUR','HASANUDIN',NULL,2013,0,1,'2018-01-14 04:21:57','2018-01-14 04:21:57'),(930,3,'1736',NULL,'SITI DAFINA MAZAYA','JL. PALEBON RAYA','HENRI DANIA ASJAR',NULL,2013,0,1,'2018-01-14 04:21:58','2018-01-14 04:21:58'),(931,3,'1741',NULL,'SURYA PERMANA MUHAMMAD','PERUM GRIYA ARTERI BARU NO. 114','SUYONO',NULL,2013,0,1,'2018-01-14 04:21:58','2018-01-14 04:21:58'),(932,3,'1743',NULL,'TIARA ARTANTI','PLAMONGAN INDAH VI NO. 28','AWALUDIN BASUKI',NULL,2013,0,1,'2018-01-14 04:21:58','2018-01-14 04:21:58'),(933,3,'2137',NULL,'HAFIZH ARIANAFFI','Klipang Pesona Asri Blok N No. 61 Tembalang','AGUNG SUPRIYADI',NULL,2013,0,1,'2018-01-14 04:21:58','2018-01-14 04:21:58'),(934,3,'1660',NULL,'ADELIA WULAN PUSPITASARI','BUGEN PALOMAN RAYA','SUPRIYADI',NULL,2013,0,1,'2018-01-14 04:22:33','2018-01-14 04:22:33'),(935,3,'1661',NULL,'ADHEL KURNIA AULINAYA','JL. MEDOHO','NARYA',NULL,2013,0,1,'2018-01-14 04:22:33','2018-01-14 04:22:33'),(936,3,'1664',NULL,'AGIL SYAFIQ PUTRA AHMAD','KANGURU UTARA III','BAYU AHMAD THOLIBY MA\'RUF',NULL,2013,0,1,'2018-01-14 04:22:33','2018-01-14 04:22:33'),(937,3,'1666',NULL,'ALEX SONY ARDIANSYAH','PARANG KUSUMO','MOHAMMAD KUSWANTORO',NULL,2013,0,1,'2018-01-14 04:22:33','2018-01-14 04:22:33'),(938,3,'1670',NULL,'ANINDYA PUTRI HASANAH','JL. LAMPER TENGAH','HERI GUNAWAN WIBISONO',NULL,2013,0,1,'2018-01-14 04:22:33','2018-01-14 04:22:33'),(939,3,'1671',NULL,'ANINDYA ZADA RETANTO','JL. DEMPEL BERLIAN','TANTO',NULL,2013,0,1,'2018-01-14 04:22:33','2018-01-14 04:22:33'),(940,3,'1672',NULL,'ANISSA PUJI ELFANI','PERUM WOLTERMONGINSIDI BARU NO. 19','BAMBANG PUJIANTO',NULL,2013,0,1,'2018-01-14 04:22:33','2018-01-14 04:22:33'),(941,3,'1673',NULL,'ARWIN RASYID','JL. KANGURU SELATAN','ROJINGUN',NULL,2013,0,1,'2018-01-14 04:22:33','2018-01-14 04:22:33'),(942,3,'1674',NULL,'ARYO BIMO BAGASKORO','JL. SUHADA','WIDAYANTO',NULL,2013,0,1,'2018-01-14 04:22:33','2018-01-14 04:22:33'),(943,3,'1678',NULL,'AZRIELA ATIFA USMAN','JL. SUMUR ADEM BARU','USMAN',NULL,2013,0,1,'2018-01-14 04:22:34','2018-01-14 04:22:34'),(944,3,'1679',NULL,'BASWARA HERNOVIAN','JL. BUGANGAN','DHANI HERNANDO',NULL,2013,0,1,'2018-01-14 04:22:34','2018-01-14 04:22:34'),(945,3,'1680',NULL,'CARISSA AZALIA PUTRI DEVANY','JL. MUWARDI','NGURAH MADE DARMA PUTRA',NULL,2013,0,1,'2018-01-14 04:22:34','2018-01-14 04:22:34'),(946,3,'1681',NULL,'CIKAL LAILA PRAMESWARI','BANTENG','HERY SETYAWAN',NULL,2013,0,1,'2018-01-14 04:22:34','2018-01-14 04:22:34'),(947,3,'1682',NULL,'CLARESTA WAHYU ANINDYA','JL. PARANG KUSUMO','AGUS AGUNG WAHYU',NULL,2013,0,1,'2018-01-14 04:22:34','2018-01-14 04:22:34'),(948,3,'1685',NULL,'DANENDRA NATHA PRIYANGGA','JL. TAMAN UDAN RIRIS','PRANANDYA SUBIYAKTO',NULL,2013,0,1,'2018-01-14 04:22:34','2018-01-14 04:22:34'),(949,3,'1689',NULL,'ELFREDA MAHESWARA','JL. KOPRI','MEIGA MAHESA WIDISAPUTRO',NULL,2013,0,1,'2018-01-14 04:22:34','2018-01-14 04:22:34'),(950,3,'1691',NULL,'FADILA NUR FITRIYANI','JL. GRIYA SUHADA','PUJO SULISTIYONO',NULL,2013,0,1,'2018-01-14 04:22:34','2018-01-14 04:22:34'),(951,3,'1692',NULL,'FAIQ MUHAMMAD NIZAR','BANGETAYU WETAN','SUNARTO',NULL,2013,0,1,'2018-01-14 04:22:34','2018-01-14 04:22:34'),(952,3,'1694',NULL,'FARAYA RAKHMA AULIA','ASPOL TLOGOMULYO','FEBRI HARI WAHYUDI',NULL,2013,0,1,'2018-01-14 04:22:34','2018-01-14 04:22:34'),(953,3,'1696',NULL,'FAROS ABIDZAR PAMBAYUN','JL. GANESHA UTARA III NO. 331','BAMBANG AGUS SULISTIYANTO',NULL,2013,0,1,'2018-01-14 04:22:34','2018-01-14 04:22:34'),(954,3,'1699',NULL,'GHATHFAAN ABHINAYA TIYASA','PERUM DEPOK ASRI','DONY FABIYANTO',NULL,2013,0,1,'2018-01-14 04:22:34','2018-01-14 04:22:34'),(955,3,'1700',NULL,'GILANG AL GIFARI OBAMA','JASMINE PARK J 14130','EKO PUDJI WAHJUDI',NULL,2013,0,1,'2018-01-14 04:22:34','2018-01-14 04:22:34'),(956,3,'1701',NULL,'HAFIS AASHKA LOKAMITHRA SODIKIN','JL. REJOSARI','MOCHLIS SODIKIN',NULL,2013,0,1,'2018-01-14 04:22:34','2018-01-14 04:22:34'),(957,3,'1702',NULL,'HANIFA SHAHADA PUTRI','JL. PEDURUNGAN TENGAH','BAYU SAKTI AJI',NULL,2013,0,1,'2018-01-14 04:22:34','2018-01-14 04:22:34'),(958,3,'1707',NULL,'KEITH CHRISTOPHER WIQHU','JL. PARANG SARPO V NO. 3','HENDRO KURNIAWAN',NULL,2013,0,1,'2018-01-14 04:22:34','2018-01-14 04:22:34'),(959,3,'1708',NULL,'KHAIRANI RAMADHANI','JL. SENDANGGUWO BARU','AGUS SOFIAN',NULL,2013,0,1,'2018-01-14 04:22:34','2018-01-14 04:22:34'),(960,3,'1710',NULL,'M. RAFLI SANTOSO DJOJONEGORO','TAMANSARI MAJAPAHIT','FEBRI PRIMIANTO',NULL,2013,0,1,'2018-01-14 04:22:34','2018-01-14 04:22:34'),(961,3,'1711',NULL,'MAULANA AQILLA SETYAWIJAYA','TAMAN SENDANGSARI I NO. 7','SETYO SULISTIANTORO',NULL,2013,0,1,'2018-01-14 04:22:35','2018-01-14 04:22:35'),(962,3,'1712',NULL,'MAULIDA NUR MUHAMMAD FATHONI','KEMBANG ARUM','NURKOLIS',NULL,2013,0,1,'2018-01-14 04:22:35','2018-01-14 04:22:35'),(963,3,'1713',NULL,'MEILIA RIZKY NARARYA KIRANA','JL. TRUNTUM','RYO ANDRE TAURAN',NULL,2013,0,1,'2018-01-14 04:22:35','2018-01-14 04:22:35'),(964,3,'1714',NULL,'MUHAMMAD HAFIDZ ANGGA PUTRA','JL. WAHYU TEMURUN','TRI ANGGITO',NULL,2013,0,1,'2018-01-14 04:22:35','2018-01-14 04:22:35'),(965,3,'1716',NULL,'NABILA SYARIFA','JL. TAMBAK BOYO','SUYATNO',NULL,2013,0,1,'2018-01-14 04:22:35','2018-01-14 04:22:35'),(966,3,'1717',NULL,'NADIA AZARIA RAHARDINI','JL. GEMAH UTARA IV NO. 4','HARI WALUYO',NULL,2013,0,1,'2018-01-14 04:22:35','2018-01-14 04:22:35'),(967,3,'1719',NULL,'NAILA SALMA FAUZIYAH','TAMAN ARYA MUKTI TIMUR','CHOIRUL ANAM',NULL,2013,0,1,'2018-01-14 04:22:35','2018-01-14 04:22:35'),(968,3,'1725',NULL,'RACHMADINA IMTIYAZ SARI','TLOGO MUKTI','SULISTYO',NULL,2013,0,1,'2018-01-14 04:22:35','2018-01-14 04:22:35'),(969,3,'1729',NULL,'RAKADITYA FAWWAZ','PEDURUNGAN TENGAH','MULYOTO',NULL,2013,0,1,'2018-01-14 04:22:35','2018-01-14 04:22:35'),(970,3,'1730',NULL,'RAKHA RIF\'AT NAZIH','GRAHA SYUHADA BLOK B','HERY ASMAWAN',NULL,2013,0,1,'2018-01-14 04:22:35','2018-01-14 04:22:35'),(971,3,'1736',NULL,'RIZQY RAMADHAN ATILLA IBRAHIM','DEMPELBARU PERMATA','IBRAHIM',NULL,2013,0,1,'2018-01-14 04:22:35','2018-01-14 04:22:35'),(972,3,'1737',NULL,'SALSABILLA ANGELITA REGINA FILANI PUTRI','JL. PARANG KUSUMO NO. 22','CHALIS FILANI',NULL,2013,0,1,'2018-01-14 04:22:35','2018-01-14 04:22:35'),(973,3,'1738',NULL,'SILVANIA RAHMA AZAHRA','JL. BUKIT ANYELIR II NO. B248','AGUNG HARIYADI',NULL,2013,0,1,'2018-01-14 04:22:35','2018-01-14 04:22:35'),(974,3,'1739',NULL,'SISKA WAHYU FARIHA','NGABLAK INDAH','WARSIMAN',NULL,2013,0,1,'2018-01-14 04:22:35','2018-01-14 04:22:35'),(975,3,'1995',NULL,'SATRIA EVAN ANTHONY','JL. JOLOTUNDO I NO. 4','SRI HARTONO',NULL,2013,0,1,'2018-01-14 04:22:36','2018-01-14 04:22:36'),(976,3,'1985',NULL,'AHMAD RAFLI AKBAR PRASETYO','RUSUN BANDUNG BONDOWOSO D2 / 1','PRALISTYO',NULL,2013,0,1,'2018-01-14 04:22:36','2018-01-14 04:22:36'),(1006,3,'1570',NULL,'ADAM HARITSA THAHARA','JL. SINAR BAHAGIA IV NO. 231','IWAN SUSANTO',NULL,2012,0,1,'2018-01-14 04:28:57','2018-01-14 04:28:57'),(1007,3,'1986',NULL,'AKMAL FEBRIAN FATHURRAHMAN','JL. DEPOK SARI RAYA NO. 11 E','BAX SUBHAKTI',NULL,2012,0,1,'2018-01-14 04:28:57','2018-01-14 04:28:57'),(1008,3,'1575',NULL,'AMALIA TERRY ARDINI','PLAMONGAN INDAH BLOK E / 10 NO. 3','SUGIYANTO HARI SAPTONO',NULL,2012,0,1,'2018-01-14 04:28:57','2018-01-14 04:28:57'),(1009,3,'1576',NULL,'AMELIA NUSANTARI','JL. DR. MAWARDI RAYA NO. 10 A','AMAN SUTRISNO',NULL,2012,0,1,'2018-01-14 04:28:57','2018-01-14 04:28:57'),(1010,3,'1578',NULL,'ANDI ERLANGGA PUTRA','JL. SENDANGGUWO RAYA NO. 38','SUCITRA TJOARDI',NULL,2012,0,1,'2018-01-14 04:28:57','2018-01-14 04:28:57'),(1011,3,'1579',NULL,'ANDINI TYAS MARESTI','BANGETAYU KULON RT. 6 / II','WIDARTO',NULL,2012,0,1,'2018-01-14 04:28:57','2018-01-14 04:28:57'),(1012,3,'1580',NULL,'ANNASRAFI ALFARISI','JL. SENDANGGUWO BARU II NO. 7 A','AGUS SOFIAN',NULL,2012,0,1,'2018-01-14 04:28:57','2018-01-14 04:28:57'),(1013,3,'1659',NULL,'ATHALLAH NANDAKA PRAMUDIA','KOMPLEK CITY PARK BLOK J NO. 1','OKA PRAMUDIA',NULL,2012,0,1,'2018-01-14 04:28:57','2018-01-14 04:28:57'),(1014,3,'1584',NULL,'AURANI RAHMA','JL. SEKAR JAGAD II NO. 14','ACHMAD SYAIFUR ROCHIM',NULL,2012,0,1,'2018-01-14 04:28:57','2018-01-14 04:28:57'),(1015,3,'1588',NULL,'DANISH FARHAN AZHARI','JL. MAHESA SELATAN IV NO. C / 40','TAOFIK HIDAJAT',NULL,2012,0,1,'2018-01-14 04:28:57','2018-01-14 04:28:57'),(1016,3,'1590',NULL,'DAVE ORLANDO FILANO PUTRA','JL. PARANG KUSUMO VIII NO. 22','CHALIS FILANI',NULL,2012,0,1,'2018-01-14 04:28:57','2018-01-14 04:28:57'),(1017,3,'1591',NULL,'DAVIAN BRAHMANA SATYA JENAR','JL. GAJAH TIMUR DALAM IV NO. 16','DANTIK NURVIANA',NULL,2012,0,1,'2018-01-14 04:28:57','2018-01-14 04:28:57'),(1018,3,'1594',NULL,'DIMAS RIZKY YANUAR ARDHIKA','JL. TLOGOMUKTI BARAT III NO. 731','KARNO',NULL,2012,0,1,'2018-01-14 04:28:57','2018-01-14 04:28:57'),(1019,3,'1596',NULL,'ENRICO RAVA HERFIAN','JL. SIDOMULYO IV NO. 32','BAMBANG HERI PRIYANTONO',NULL,2012,0,1,'2018-01-14 04:28:57','2018-01-14 04:28:57'),(1020,3,'1601',NULL,'FAZLEA ANDHIETA SILOMITA','JL. GAJAH TIMUR DALAM I NO. 914','SUSILO',NULL,2012,0,1,'2018-01-14 04:28:57','2018-01-14 04:28:57'),(1021,3,'1615',NULL,'MONICA OCTAVIANI','JL. PARANG KUNTIK IV NO. 18','RISKYANTO',NULL,2012,0,1,'2018-01-14 04:28:57','2018-01-14 04:28:57'),(1022,3,'1612',NULL,'MUHAMMAD AZHAR FAJRU RAMADHAN','SENDANG UTARA II NO. 22','MOCHAMMAD FACTA',NULL,2012,0,1,'2018-01-14 04:28:57','2018-01-14 04:28:57'),(1023,3,'1618',NULL,'MUHAMMAD FADLI ARFAH','JL. SAPTA PRASETYA UTARA XII NO. 94','MUHAMAD NOPRAN',NULL,2012,0,1,'2018-01-14 04:28:58','2018-01-14 04:28:58'),(1024,3,'1621',NULL,'MUHAMMAD PUTRA DWI SATRIA','JL. SIDODRAJAT RAYA NO. 19','DWI AGUNO',NULL,2012,0,1,'2018-01-14 04:28:58','2018-01-14 04:28:58'),(1025,3,'1624',NULL,'NABILA KIRANA PUTRI','JL. SELOMULYO MUKTI BARAT I NO. 260','AGUNG PRATIKTO',NULL,2012,0,1,'2018-01-14 04:28:58','2018-01-14 04:28:58'),(1026,3,'1625',NULL,'NAJLA HASNA PUTRI KHALILA','JL. PANDA UTARA III NO. 3','GATOT GANDA PUTRA',NULL,2012,0,1,'2018-01-14 04:28:58','2018-01-14 04:28:58'),(1027,3,'1626',NULL,'NAJWA NADYA PUTRI','JL. BRIGJEN SUDIARTO NO. 118','PURWANTORO',NULL,2012,0,1,'2018-01-14 04:28:58','2018-01-14 04:28:58'),(1028,3,'1627',NULL,'NAUFAL FAIZI IZAZ ZIA','JL. GAJAH TIMUR DALAM IV NO. 13','EKO SETYAWAN',NULL,2012,0,1,'2018-01-14 04:28:58','2018-01-14 04:28:58'),(1029,3,'1629',NULL,'NISRINA DYANDRA PARAMITHA','PLAMONGAN INDAH i VIII / 1','TEGUH SRI WIDODO',NULL,2012,0,1,'2018-01-14 04:28:58','2018-01-14 04:28:58'),(1030,3,'1554',NULL,'RAFI ALVINO RIZER','Ganesha Selatan II/62','KHORISNA KRISHARTANTO',NULL,2012,0,1,'2018-01-14 04:28:58','2018-01-14 04:28:58'),(1031,3,'1640',NULL,'RESTU SURYA','TLOGOSARI WETAN RT. 11 / III','SUGIARSO',NULL,2012,0,1,'2018-01-14 04:28:58','2018-01-14 04:28:58'),(1032,3,'1644',NULL,'SELVY EVIOLINA NISRINA','SENDANGSARI BARAT II NO. 3 SEMARANG','HANDOKO SETYAWAN',NULL,2012,0,1,'2018-01-14 04:28:58','2018-01-14 04:28:58'),(1033,3,'1650',NULL,'ZAHIRAH ALYA FITHRIYANA','SIDOMUKTI I NO. 14','WAWAN PURNAWARMAN',NULL,2012,0,1,'2018-01-14 04:28:58','2018-01-14 04:28:58'),(1034,3,'1651',NULL,'ZENA AGESTHA CHOBITHA ARETHUSE','JL. SINGA V NO. 129','SUNARDI SUSILO TRIYONO',NULL,2012,0,1,'2018-01-14 04:28:58','2018-01-14 04:28:58'),(1035,3,'1571',NULL,'ADELIA CLEARESTA','GRIYA PALEBON ASRI NO. 3','MICKY THERDYA HARIE ANDIKA',NULL,2012,0,1,'2018-01-14 04:29:15','2018-01-14 04:29:15'),(1036,3,'1572',NULL,'ADITYA RAMANDA BATIAR','KLIPANG PESONA ASRI III C1 NO. 102','BAMBANG EKO SANTOSO',NULL,2012,0,1,'2018-01-14 04:29:15','2018-01-14 04:29:15'),(1037,3,'1574',NULL,'ALEXANDRA ARTIKA NURCAHYA','JL. BAYU PRASETYA TIMUR VI NO. 89','ANDRE NUR CAHYO',NULL,2012,0,1,'2018-01-14 04:29:15','2018-01-14 04:29:15'),(1038,3,'1582',NULL,'ANNISA ZAHRA RAMADHANI','JL. MELATI NO. 94 RT. 3 / V PLAMONGAN','HARTANTO',NULL,2012,0,1,'2018-01-14 04:29:15','2018-01-14 04:29:15'),(1039,3,'1987',NULL,'ATHA QANITA NAILATURAHMA','JL. DEPOK SARI RAYA NO. 11 E','BAX SUBHAKTI',NULL,2012,0,1,'2018-01-14 04:29:15','2018-01-14 04:29:15'),(1040,3,'1585',NULL,'AZIZA NEYSA FAREENA SODIKIN','REJOSARI','MOCHLIS SODIKIN',NULL,2012,0,1,'2018-01-14 04:29:16','2018-01-14 04:29:16'),(1041,3,'1743',NULL,'AZIZAH BUDI ADYANANDA','JL. PANDA UTARA NO. 12','NURCHOLIS ADI PUTRA',NULL,2012,0,1,'2018-01-14 04:29:16','2018-01-14 04:29:16'),(1042,3,'1586',NULL,'AZZURA SHELOMITA','JL. MUWARDI NO. 15 A','YANUAR BINTOROADJI',NULL,2012,0,1,'2018-01-14 04:29:16','2018-01-14 04:29:16'),(1043,3,'1587',NULL,'BRILLIAN FARREL SANUSI','JL. KAUMAN DALAM II NO. 18 A','WIWIT AGUS NUGROHO',NULL,2012,0,1,'2018-01-14 04:29:16','2018-01-14 04:29:16'),(1044,3,'1589',NULL,'DAVA FACHRY ZAKY','JL. GAJAH NO. 26 B','ABDUL KADIR',NULL,2012,0,1,'2018-01-14 04:29:16','2018-01-14 04:29:16'),(1045,3,'1595',NULL,'ELDYONNA NAYLA KAISA','PLAMONGAN INDAH BLOK D 20 NO. 4','EDY SANTOSO',NULL,2012,0,1,'2018-01-14 04:29:16','2018-01-14 04:29:16'),(1046,3,'1604',NULL,'GILANG BAYU OCTAVIOLLA','JL. MUWARDI TIMUR VI NO. 5','HARTONO',NULL,2012,0,1,'2018-01-14 04:29:16','2018-01-14 04:29:16'),(1047,3,'1606',NULL,'IQBAL FADHILAH','JL. KAWUNG X NO. 5','SLAMET WAHYU EFENDI',NULL,2012,0,1,'2018-01-14 04:29:16','2018-01-14 04:29:16'),(1048,3,'2136',' ','KARINA RAMADHANI SUTOPO',NULL,'SUTOPO',NULL,2012,0,1,'2018-01-14 04:29:16','2018-02-09 14:53:25'),(1049,3,'1610',NULL,'KIRANA RASENDRIYA PARAHITA','JL. PARANG KESIT RAYA NO. 22',NULL,NULL,2012,0,1,'2018-01-14 04:29:16','2018-01-14 04:29:16'),(1050,3,'1612',NULL,'MASHAB MURSIDA ZIDAN','DS. JAMUS RT. 11 / 11','HENDRO SUCIPTO',NULL,2012,0,1,'2018-01-14 04:29:16','2018-01-14 04:29:16'),(1051,3,'1614',NULL,'MOCHAMAD KAFI AZZA','JL. GRIYA ARTERI BARU CLUSTER NO. C / 3','MOCHAMAD SYAEFUDIN',NULL,2012,0,1,'2018-01-14 04:29:16','2018-01-14 04:29:16'),(1052,3,'1622',NULL,'MUHAMMAD RIDHO BIMA KHUSIMA','NGEMPLAK','MASHURI',NULL,2012,0,1,'2018-01-14 04:29:16','2018-01-14 04:29:16'),(1053,3,'1832',NULL,'MUHAMAD FIRDAUS SYAH PUTRA','LUMBUNG RESIDENT NO. 19','A. AIDIL FITRI SYAH',NULL,2012,0,1,'2018-01-14 04:29:16','2018-01-14 04:29:16'),(1054,3,'1623',NULL,'MUHAMMAD RAIDA AKMAL ','JL. LUMBUNGSARI I NO. 6','KIRYANTO',NULL,2012,0,1,'2018-01-14 04:29:16','2018-01-14 04:29:16'),(1055,3,'1834',NULL,'MUHAMMAD ZAKY SU\'AIDY','JL. SUPRIYADI NO. 8','HUSNI UBAIDURRAHMAN',NULL,2012,0,1,'2018-01-14 04:29:16','2018-01-14 04:29:16'),(1056,3,'1631',NULL,'ORLIN GIAN GUSWIENDA','JL. SENDANGGUWO BARU IV NO. 15','DWI AGUS BUDIADI',NULL,2012,0,1,'2018-01-14 04:29:16','2018-01-14 04:29:16'),(1057,3,'1632',NULL,'RADHITYA AL-QUDS PRASETYO','GRAHA MAS BLOK A NO. 2','EDY PRASETYO',NULL,2012,0,1,'2018-01-14 04:29:16','2018-01-14 04:29:16'),(1058,3,'1635',NULL,'RAMADHAN DARIN ARIO WIBISONO','JL. BANGET PRASETYO II NO. 45','SISWANTO',NULL,2012,0,1,'2018-01-14 04:29:16','2018-01-14 04:29:16'),(1059,3,'1636',NULL,'RAMADHITYA AL-QUDS  PRASETYO','PERUMAHAN GRAHA MAS BLOK A/2','EDI PRASETYO',NULL,2012,0,1,'2018-01-14 04:29:17','2018-01-14 04:29:17'),(1060,3,'1641',NULL,'RIDHO RAHMAN AISY','JL. PARANG BARIS VIII NO. 70','ARIF RAHMAN HAKIM',NULL,2012,0,1,'2018-01-14 04:29:17','2018-01-14 04:29:17'),(1061,3,'1642',NULL,'SALSABILA PUTRI PRIYADI','JL. MAWAR JINGGA NO. 121 A','DIDIK PRIYADI',NULL,2012,0,1,'2018-01-14 04:29:17','2018-01-14 04:29:17'),(1062,3,'1646',NULL,'TABINA ALISHA NARESWARI','JL. TAMAN TLOGOMULYO 36 A','RAHNU JUNARNO',NULL,2012,0,1,'2018-01-14 04:29:17','2018-01-14 04:29:17'),(1063,3,'1647',NULL,'THORIK ABDULLAH AZIS','JL. PARANG SARPO I NO. 8','SUGENG',NULL,2012,0,1,'2018-01-14 04:29:17','2018-01-14 04:29:17'),(1064,3,'1571',NULL,'ADELIA CLEARESTA','GRIYA PALEBON ASRI NO. 3','MICKY THERDYA HARIE ANDIKA',NULL,2012,0,1,'2018-01-14 04:29:29','2018-01-14 04:29:29'),(1065,3,'1572',NULL,'ADITYA RAMANDA BATIAR','KLIPANG PESONA ASRI III C1 NO. 102','BAMBANG EKO SANTOSO',NULL,2012,0,1,'2018-01-14 04:29:29','2018-01-14 04:29:29'),(1066,3,'1574',NULL,'ALEXANDRA ARTIKA NURCAHYA','JL. BAYU PRASETYA TIMUR VI NO. 89','ANDRE NUR CAHYO',NULL,2012,0,1,'2018-01-14 04:29:29','2018-01-14 04:29:29'),(1067,3,'1582',NULL,'ANNISA ZAHRA RAMADHANI','JL. MELATI NO. 94 RT. 3 / V PLAMONGAN','HARTANTO',NULL,2012,0,1,'2018-01-14 04:29:29','2018-01-14 04:29:29'),(1068,3,'1987',NULL,'ATHA QANITA NAILATURAHMA','JL. DEPOK SARI RAYA NO. 11 E','BAX SUBHAKTI',NULL,2012,0,1,'2018-01-14 04:29:29','2018-01-14 04:29:29'),(1069,3,'1585',NULL,'AZIZA NEYSA FAREENA SODIKIN','REJOSARI','MOCHLIS SODIKIN',NULL,2012,0,1,'2018-01-14 04:29:29','2018-01-14 04:29:29'),(1070,3,'1743',NULL,'AZIZAH BUDI ADYANANDA','JL. PANDA UTARA NO. 12','NURCHOLIS ADI PUTRA',NULL,2012,0,1,'2018-01-14 04:29:29','2018-01-14 04:29:29'),(1071,3,'1586',NULL,'AZZURA SHELOMITA','JL. MUWARDI NO. 15 A','YANUAR BINTOROADJI',NULL,2012,0,1,'2018-01-14 04:29:29','2018-01-14 04:29:29'),(1072,3,'1587',NULL,'BRILLIAN FARREL SANUSI','JL. KAUMAN DALAM II NO. 18 A','WIWIT AGUS NUGROHO',NULL,2012,0,1,'2018-01-14 04:29:29','2018-01-14 04:29:29'),(1073,3,'1589',NULL,'DAVA FACHRY ZAKY','JL. GAJAH NO. 26 B','ABDUL KADIR',NULL,2012,0,1,'2018-01-14 04:29:29','2018-01-14 04:29:29'),(1074,3,'1595',NULL,'ELDYONNA NAYLA KAISA','PLAMONGAN INDAH BLOK D 20 NO. 4','EDY SANTOSO',NULL,2012,0,1,'2018-01-14 04:29:29','2018-01-14 04:29:29'),(1075,3,'1604',NULL,'GILANG BAYU OCTAVIOLLA','JL. MUWARDI TIMUR VI NO. 5','HARTONO',NULL,2012,0,1,'2018-01-14 04:29:29','2018-01-14 04:29:29'),(1076,3,'1606',NULL,'IQBAL FADHILAH','JL. KAWUNG X NO. 5','SLAMET WAHYU EFENDI',NULL,2012,0,1,'2018-01-14 04:29:29','2018-01-14 04:29:29'),(1077,3,'2136',' ','KARINA RAMADHANI SUTOPO',NULL,'SUTOPO',NULL,2012,0,1,'2018-01-14 04:29:29','2018-02-09 14:53:20'),(1078,3,'1610',NULL,'KIRANA RASENDRIYA PARAHITA','JL. PARANG KESIT RAYA NO. 22',NULL,NULL,2012,0,1,'2018-01-14 04:29:29','2018-01-14 04:29:29'),(1079,3,'1612',NULL,'MASHAB MURSIDA ZIDAN','DS. JAMUS RT. 11 / 11','HENDRO SUCIPTO',NULL,2012,0,1,'2018-01-14 04:29:29','2018-01-14 04:29:29'),(1080,3,'1614',NULL,'MOCHAMAD KAFI AZZA','JL. GRIYA ARTERI BARU CLUSTER NO. C / 3','MOCHAMAD SYAEFUDIN',NULL,2012,0,1,'2018-01-14 04:29:29','2018-01-14 04:29:29'),(1081,3,'1622',NULL,'MUHAMMAD RIDHO BIMA KHUSIMA','NGEMPLAK','MASHURI',NULL,2012,0,1,'2018-01-14 04:29:29','2018-01-14 04:29:29'),(1082,3,'1832',NULL,'MUHAMAD FIRDAUS SYAH PUTRA','LUMBUNG RESIDENT NO. 19','A. AIDIL FITRI SYAH',NULL,2012,0,1,'2018-01-14 04:29:29','2018-01-14 04:29:29'),(1083,3,'1623',NULL,'MUHAMMAD RAIDA AKMAL ','JL. LUMBUNGSARI I NO. 6','KIRYANTO',NULL,2012,0,1,'2018-01-14 04:29:29','2018-01-14 04:29:29'),(1084,3,'1834',NULL,'MUHAMMAD ZAKY SU\'AIDY','JL. SUPRIYADI NO. 8','HUSNI UBAIDURRAHMAN',NULL,2012,0,1,'2018-01-14 04:29:29','2018-01-14 04:29:29'),(1085,3,'1631',NULL,'ORLIN GIAN GUSWIENDA','JL. SENDANGGUWO BARU IV NO. 15','DWI AGUS BUDIADI',NULL,2012,0,1,'2018-01-14 04:29:29','2018-01-14 04:29:29'),(1086,3,'1632',NULL,'RADHITYA AL-QUDS PRASETYO','GRAHA MAS BLOK A NO. 2','EDY PRASETYO',NULL,2012,0,1,'2018-01-14 04:29:30','2018-01-14 04:29:30'),(1087,3,'1635',NULL,'RAMADHAN DARIN ARIO WIBISONO','JL. BANGET PRASETYO II NO. 45','SISWANTO',NULL,2012,0,1,'2018-01-14 04:29:30','2018-01-14 04:29:30'),(1088,3,'1636',NULL,'RAMADHITYA AL-QUDS  PRASETYO','PERUMAHAN GRAHA MAS BLOK A/2','EDI PRASETYO',NULL,2012,0,1,'2018-01-14 04:29:30','2018-01-14 04:29:30'),(1089,3,'1641',NULL,'RIDHO RAHMAN AISY','JL. PARANG BARIS VIII NO. 70','ARIF RAHMAN HAKIM',NULL,2012,0,1,'2018-01-14 04:29:30','2018-01-14 04:29:30'),(1090,3,'1642',NULL,'SALSABILA PUTRI PRIYADI','JL. MAWAR JINGGA NO. 121 A','DIDIK PRIYADI',NULL,2012,0,1,'2018-01-14 04:29:30','2018-01-14 04:29:30'),(1091,3,'1646',NULL,'TABINA ALISHA NARESWARI','JL. TAMAN TLOGOMULYO 36 A','RAHNU JUNARNO',NULL,2012,0,1,'2018-01-14 04:29:30','2018-01-14 04:29:30'),(1092,3,'1647',NULL,'THORIK ABDULLAH AZIS','JL. PARANG SARPO I NO. 8','SUGENG',NULL,2012,0,1,'2018-01-14 04:29:30','2018-01-14 04:29:30'),(1093,3,'1569',NULL,'ABRIEL HAZELINNO KUSUMA','JL. SELOMULYO MUKTI TIMUR D/217','RANO MERLIANO CUATAN','081228196684',2012,0,1,'2018-01-14 04:33:00','2018-01-14 04:33:00'),(1094,3,'1573',NULL,'AISYA SAVANA ULYA','JL. MALANGSARI RAYA NO. 46','MASHADI','085225004479',2012,0,1,'2018-01-14 04:33:00','2018-01-14 04:33:00'),(1095,3,'1577',NULL,'AMMARSYAH MUSTIKA YUDHA','JL. DEMPEL BERLIAN VII KAV. 74','UNANG ACHLISON','082134636629',2012,0,1,'2018-01-14 04:33:00','2018-01-14 04:33:00'),(1096,3,'1583',NULL,'ARSA PUTRA DWIRESTU','JL. SENDANGGUWO RAYA NO. 62','MUHARIS SETIAWAN','081901655557',2012,0,1,'2018-01-14 04:33:00','2018-01-14 04:33:00'),(1097,3,'1592',NULL,'DAVINA NAIFA SHAFADINA','JL. NANAS NO. 23 C','DIAN WIJAYANTO UTOMO','08122566559',2012,0,1,'2018-01-14 04:33:00','2018-01-14 04:33:00'),(1098,3,'1593',NULL,'DEALOVA AZRA SHAFIRA','TAMAN BUKIT ASRI BLOK BC 119A','AGUS SUNARYO','08122822199',2012,0,1,'2018-01-14 04:33:00','2018-01-14 04:33:00'),(1099,3,'1597',NULL,'ERLAND VERINO SYABANA','TLOGOSARI REGENCY 7','EFFENDI ABJAT','08882417939',2012,0,1,'2018-01-14 04:33:00','2018-01-14 04:33:00'),(1100,3,'1598',NULL,'FAIZ MAULANA','JL. TAMAN SURYO KUSUMO IV NO. 3','MANSURI','0817241312',2012,0,1,'2018-01-14 04:33:00','2018-01-14 04:33:00'),(1101,3,'1599',NULL,'FATICH SULAIMAN','JL. GEMAH BARAT I NO. 2','ZAMRONI','088215663484',2012,0,1,'2018-01-14 04:33:00','2018-01-14 04:33:00'),(1102,3,'1600',NULL,'FATIH AL AZZAM PUTRA YULIANTO','JL. KEDUNGMUNDU RAYA NO. 35','YULIANTO','085640016125',2012,0,1,'2018-01-14 04:33:00','2018-01-14 04:33:00'),(1103,3,'1603',NULL,'GHEFIRA PUTRI RAMADHANIA','SIDO ASIH II NO. 40','YOSSI FEBRIYONO','08122831353',2012,0,1,'2018-01-14 04:33:00','2018-01-14 04:33:00'),(1104,3,'1607',NULL,'JATNIKA TYAGA DHARMAWAN','JL. PARANG BARIS VII NO. 27','BANON MUSTIKAJATI','0818294553',2012,0,1,'2018-01-14 04:33:00','2018-01-14 04:33:00'),(1105,3,'1608',NULL,'KADIZHA OKTI FAUSTA','JL. TIRTO PURWOSARI NO. 14','ADI SURONO','085100117129',2012,0,1,'2018-01-14 04:33:00','2018-01-14 04:33:00'),(1106,3,'1846',NULL,'KAMILA NABIHA AZZAHRA PAMBUDI','GRIYA ARTERI BARU NO. 69','AGUS SETIYO PAMBUDI','0818466943',2012,0,1,'2018-01-14 04:33:00','2018-01-14 04:33:00'),(1107,3,'1609',NULL,'KAYLA NURANISSA ZULEIKA','JL. PANDAN MERAH V NO. J/22','HALIZAR','081281015646',2012,0,1,'2018-01-14 04:33:00','2018-01-14 04:33:00'),(1108,3,'1611',NULL,'KIRANA ZAHRA ANGGITA','JL. BINTORO V / 7A','KUNTORO','085600808032',2012,0,1,'2018-01-14 04:33:00','2018-01-14 04:33:00'),(1109,3,'1847',NULL,'MUHAMMAD DZAKY ADHIGUNA','TAMAN SURYO KUSUMO IV NO. 58','MOCHAMAD UTOMO','0816651449',2012,0,1,'2018-01-14 04:33:01','2018-01-14 04:33:01'),(1110,3,'1619',NULL,'MUHAMMAD FARREL ARIIQ RAMADHAN','JL. KAUMAN II NO. 31','FATKHUR ROKHMAN','082221438175',2012,0,1,'2018-01-14 04:33:01','2018-01-14 04:33:01'),(1111,3,'1628',NULL,'NAYLA SYIFA KHAIRUNNISA','JL. GAJAH I NO. 10','SULISTIYONO','081325543123',2012,0,1,'2018-01-14 04:33:01','2018-01-14 04:33:01'),(1112,3,'1630',NULL,'NURRISKY MEILANI NOVITASARI','JL. TLOGOMULYO 2 NO.28 KUDAN','PURWANTO','081390880828',2012,0,1,'2018-01-14 04:33:01','2018-01-14 04:33:01'),(1113,3,'1633',NULL,'RADITYA HUMAM MAULANA','JL. PARANG BARONG 5/14','NUR TRIJONO','08122909181',2012,0,1,'2018-01-14 04:33:01','2018-01-14 04:33:01'),(1114,3,'1637',NULL,'RAYA NAFILA','JL. TLOGOSARI RAYA I NO. 72','R. HEKSA SETIAWAN','08122843577',2012,0,1,'2018-01-14 04:33:01','2018-01-14 04:33:01'),(1115,3,'1638',NULL,'RAYA SURYADARMA PRATAMA','PARANG KLITIK V NO. 25','ARI WIDONO','08122545150',2012,0,1,'2018-01-14 04:33:01','2018-01-14 04:33:01'),(1116,3,'1640',NULL,'REVALINA ARDIYANI PUTRI PRILIYAWAN','JL. BUKIT MAWAR RAYA NO. F/39','SENDY PURWANTO PRILIYAWAN','081325216798',2012,0,1,'2018-01-14 04:33:01','2018-01-14 04:33:01'),(1117,3,'1643',NULL,'SASKIA AMARTYA  KHAIRUNNISA','WISMA PRASETYA V NO. 12','PUJI HARIYANTO','081906235529',2012,0,1,'2018-01-14 04:33:01','2018-01-14 04:33:01'),(1118,3,'1645',NULL,'SYAILENDRA SURYA WICAKSANA','JL. TLOGO BIRU II NO. 28','RAKIJAN','082322232020',2012,0,1,'2018-01-14 04:33:01','2018-01-14 04:33:01'),(1119,3,'1648',NULL,'YAFINDRA BAGUS ADINATA','JL. TUNJUNG BIRU III NO. 21','IWAN SETIAWAN, ST.MM','08228945115',2012,0,1,'2018-01-14 04:33:01','2018-01-14 04:33:01'),(1120,3,'1649',NULL,'YASMIN NAOMI AJI','JL. PLAMONGAN ABADI NO. 175','AJI WIJANARKO','08122880424',2012,0,1,'2018-01-14 04:33:01','2018-01-14 04:33:01'),(1121,2,NULL,NULL,'Agung Prabowo','Semarang','Susanto','089669383062',2018,0,1,'2018-01-17 07:05:22','2018-01-17 07:05:22'),(1122,2,NULL,NULL,'husnul khotimah','purwodadi','Dulkarim','085799719121',2018,0,1,'2018-01-23 06:43:23','2018-01-23 06:43:23'),(1123,2,NULL,NULL,'husnul khotimah','purwodadi','Dulkarim','085799719121',2018,0,1,'2018-01-23 06:48:23','2018-01-23 06:48:23'),(1124,2,NULL,NULL,'husnul khotimah','purwodadi','Dulkarim','085799719121',2018,0,1,'2018-01-23 06:49:04','2018-01-23 06:49:04'),(1125,2,NULL,NULL,'Agung Prabowo','Semarang','Dulkarim','089669383062',2018,0,1,'2018-01-23 06:49:13','2018-01-23 06:49:13'),(1126,2,NULL,NULL,'Ulfa','Demak','Sukino','088112334556',2018,0,1,'2018-01-23 07:32:23','2018-01-23 07:32:23'),(1127,1,NULL,NULL,'Arizal','semarang','ulfa','085778998767',2018,0,1,'2018-01-23 10:57:49','2018-01-23 10:57:49'),(1128,3,NULL,NULL,'Dany Pratama','semarang','Andre','087112223445',2018,0,1,'2018-01-23 10:58:36','2018-01-23 10:58:36'),(1129,1,NULL,NULL,'husnul khotimah','semarang','Dulkarim','089669383062',2018,0,1,'2018-01-25 02:59:50','2018-01-25 02:59:50'),(1130,1,NULL,NULL,'Ar Razi Maruyama','semarang','Ruby Tedy','085799719121',2018,0,1,'2018-01-25 03:01:37','2018-01-25 03:01:37'),(1131,1,NULL,NULL,'Ar Razi Maruyama','semarang','Ruby Tedy','089669383062',2018,0,1,'2018-01-25 03:04:53','2018-01-25 03:04:53'),(1133,2,NULL,NULL,'TEJO','genuk semarang','OKTARIA','08712345678',2018,0,1,'2018-01-25 03:26:19','2018-02-06 04:34:45'),(1134,3,NULL,NULL,'Nanda','semarang','Andre','085640987654',2018,0,1,'2018-01-25 03:30:06','2018-01-25 03:30:06'),(1138,1,'2004','-','TEJO','Semarang','TEVI','-',2017,0,1,'2018-02-09 07:13:26','2018-02-09 07:14:19'),(1160,1,NULL,NULL,'arizal gabe kurniaawan','-','trio kurniawan','-',2018,0,1,'2018-02-13 01:53:48','2018-02-13 01:53:48'),(1161,1,NULL,NULL,'muhamad yusuf','-','yusuf firman syah','-',2018,0,1,'2018-02-13 01:55:33','2018-02-13 01:55:33'),(1162,2,NULL,NULL,'siswa tk 1','-','kakak e tk 1','-',2018,0,1,'2018-02-13 01:55:51','2018-02-13 01:55:51'),(1163,2,NULL,NULL,'gabe kurniawan trio','-','yusuf mansyur','-',2018,0,1,'2018-02-13 01:56:11','2018-02-13 01:56:11'),(1173,1,'-','-','Abdulah sukron','Semarang','Sesuatu','-',2018,0,1,'2018-08-09 12:21:27','2018-08-09 12:21:27');
/*!40000 ALTER TABLE `siswa` ENABLE KEYS */;
UNLOCK TABLES;

--
-- Table structure for table `slip_pembayaran`
--

DROP TABLE IF EXISTS `slip_pembayaran`;
/*!40101 SET @saved_cs_client     = @@character_set_client */;
/*!40101 SET character_set_client = utf8 */;
CREATE TABLE `slip_pembayaran` (
  `id` int(11) NOT NULL AUTO_INCREMENT,
  `periode_id` int(11) DEFAULT NULL,
  `jenjang_id` int(11) DEFAULT NULL,
  `jenis_slip_id` int(11) DEFAULT NULL,
  `uraian_id` int(11) DEFAULT NULL,
  `urutan_slip` int(11) DEFAULT '0',
  `keterangan_slip` varchar(100) DEFAULT NULL,
  `biaya` int(11) DEFAULT NULL,
  `created_at` timestamp NULL DEFAULT CURRENT_TIMESTAMP,
  `updated_at` timestamp NULL DEFAULT CURRENT_TIMESTAMP ON UPDATE CURRENT_TIMESTAMP,
  PRIMARY KEY (`id`),
  KEY `FK_slip_pembayaran_periode` (`periode_id`),
  KEY `FK_slip_pembayaran_jenjang` (`jenjang_id`),
  KEY `FK_slip_pembayaran_uraian` (`uraian_id`),
  KEY `FK_slip_pembayaran_jenis_slip` (`jenis_slip_id`),
  CONSTRAINT `FK_slip_pembayaran_jenis_slip` FOREIGN KEY (`jenis_slip_id`) REFERENCES `jenis_slip` (`id`) ON DELETE CASCADE ON UPDATE CASCADE,
  CONSTRAINT `FK_slip_pembayaran_jenjang` FOREIGN KEY (`jenjang_id`) REFERENCES `jenjang` (`id`) ON UPDATE CASCADE,
  CONSTRAINT `FK_slip_pembayaran_periode` FOREIGN KEY (`periode_id`) REFERENCES `periode` (`id`) ON UPDATE CASCADE,
  CONSTRAINT `FK_slip_pembayaran_uraian` FOREIGN KEY (`uraian_id`) REFERENCES `uraian` (`id`) ON DELETE CASCADE ON UPDATE CASCADE
) ENGINE=InnoDB AUTO_INCREMENT=106 DEFAULT CHARSET=latin1;
/*!40101 SET character_set_client = @saved_cs_client */;

--
-- Dumping data for table `slip_pembayaran`
--

LOCK TABLES `slip_pembayaran` WRITE;
/*!40000 ALTER TABLE `slip_pembayaran` DISABLE KEYS */;
INSERT INTO `slip_pembayaran` VALUES (60,2,2,2,18,1,'0',1000000,'2018-01-14 14:25:13','2018-01-17 07:07:28'),(61,2,2,2,20,2,'0',300000,'2018-01-14 14:25:26','2018-01-15 15:10:04'),(62,2,2,2,21,3,'0',200000,'2018-01-14 14:25:34','2018-01-16 03:01:14'),(63,2,2,2,22,4,'0',450000,'2018-01-14 14:25:48','2018-01-16 03:01:22'),(64,2,2,2,23,5,'0',200000,'2018-01-14 14:25:57','2018-01-16 03:01:24'),(65,2,2,2,24,6,'0',300000,'2018-01-14 14:26:41','2018-01-16 03:01:25'),(66,2,2,2,25,7,'0',100000,'2018-01-14 14:26:52','2018-01-16 03:01:27'),(67,2,2,2,26,9,'0',400000,'2018-01-14 14:27:05','2018-01-16 03:03:41'),(68,2,2,3,43,1,'0',200000,'2018-01-14 14:27:26','2018-01-16 03:03:33'),(69,2,2,3,46,2,'0',200000,'2018-01-14 14:27:33','2018-01-17 07:07:59'),(70,2,2,1,51,1,'0',350000,'2018-01-14 14:27:47','2018-01-16 06:31:21'),(71,2,2,1,52,2,'0',25000,'2018-01-14 14:27:57','2018-01-16 06:31:32'),(73,2,3,1,50,0,'0',100000,'2018-01-15 15:12:08','2018-01-15 15:12:08'),(74,2,2,1,55,0,'0',150000,'2018-01-15 15:26:58','2018-01-15 15:26:58'),(75,2,2,2,56,8,'0',0,'2018-01-16 03:02:57','2018-01-16 03:27:05'),(76,2,1,2,28,0,'2017',1000000,'2018-01-23 08:24:57','2018-08-10 04:03:49'),(77,2,1,2,29,0,'0',2000000,'2018-01-23 08:25:07','2018-01-23 08:25:07'),(78,2,1,2,32,0,'0',300000,'2018-01-23 08:25:16','2018-01-23 08:25:16'),(79,2,1,2,34,0,'0',90000,'2018-01-23 08:25:26','2018-01-23 08:25:26'),(80,2,1,2,36,0,'0',10000,'2018-01-23 08:25:35','2018-01-23 08:25:35'),(81,2,1,2,38,0,'0',2000000,'2018-01-23 08:25:43','2018-01-23 08:25:43'),(82,2,1,2,40,0,'0',110000,'2018-01-23 08:25:53','2018-01-23 08:25:53'),(83,2,1,2,42,0,'0',1000000,'2018-01-23 08:26:03','2018-01-23 08:26:03'),(84,2,1,3,44,0,'0',90000,'2018-01-23 08:26:17','2018-01-23 08:26:17'),(85,2,1,3,48,0,'0',350000,'2018-01-23 08:26:31','2018-01-23 08:26:31'),(86,2,1,1,49,0,'0',300000,'2018-01-23 08:26:42','2018-01-23 08:26:42'),(88,2,3,2,27,0,'0',500000,'2018-01-23 10:54:12','2018-01-23 10:54:12'),(89,2,3,2,33,0,'0',375000,'2018-01-23 10:54:26','2018-01-23 10:54:26'),(90,2,3,2,57,0,'0',100000,'2018-01-23 10:54:47','2018-01-23 10:54:47'),(91,2,3,2,58,0,'0',875000,'2018-01-23 10:54:59','2018-01-23 10:55:39'),(92,2,3,2,59,0,'0',85000,'2018-01-23 10:55:58','2018-01-23 10:56:11'),(93,2,3,3,45,0,'0',375000,'2018-01-23 10:56:28','2018-01-23 10:56:28'),(94,2,3,3,47,0,'0',300000,'2018-01-23 10:56:37','2018-01-23 10:56:37'),(95,2,3,1,53,0,'0',25000,'2018-01-23 10:56:49','2018-01-23 10:56:49'),(96,2,3,1,60,0,'0',50000,'2018-01-27 08:43:41','2018-01-27 08:43:41'),(97,3,2,2,18,1,'paket pmb',200000,'2018-02-12 01:27:07','2018-02-12 01:27:07'),(98,3,2,2,20,2,'250000',250000,'2018-02-12 01:27:34','2018-02-12 01:27:34'),(99,3,1,2,28,1,'paket pmb 2018',300000,'2018-02-13 01:37:52','2018-02-13 01:37:52'),(100,2,2,4,61,1,'Tahun 2018',10000,'2018-03-09 15:21:13','2018-03-09 16:54:20'),(101,2,2,4,62,2,'Tahun 2018',50000,'2018-03-09 17:26:53','2018-03-09 17:26:53'),(102,2,2,4,63,0,'Tidak Ada Potongan',0,'2018-03-10 11:04:59','2018-03-10 11:04:59'),(105,2,1,1,54,2,'-',25000,'2018-08-01 08:52:17','2018-08-01 08:52:17');
/*!40000 ALTER TABLE `slip_pembayaran` ENABLE KEYS */;
UNLOCK TABLES;

--
-- Table structure for table `transaksi_pmb`
--

DROP TABLE IF EXISTS `transaksi_pmb`;
/*!40101 SET @saved_cs_client     = @@character_set_client */;
/*!40101 SET character_set_client = utf8 */;
CREATE TABLE `transaksi_pmb` (
  `id` int(11) NOT NULL AUTO_INCREMENT,
  `periode_id` int(11) DEFAULT NULL,
  `siswa_id` int(11) DEFAULT NULL,
  `uraian_id` int(11) DEFAULT NULL,
  `pembayaran_pmb_id` int(11) DEFAULT NULL,
  `created_at` timestamp NULL DEFAULT CURRENT_TIMESTAMP,
  `updated_at` timestamp NULL DEFAULT CURRENT_TIMESTAMP ON UPDATE CURRENT_TIMESTAMP,
  `users_id` int(10) unsigned DEFAULT NULL,
  PRIMARY KEY (`id`),
  KEY `FK_transaksi_pmb_periode` (`periode_id`),
  KEY `FK_transaksi_pmb_siswa` (`siswa_id`),
  KEY `FK_transaksi_pmb_uraian` (`uraian_id`),
  KEY `FK_transaksi_pmb_pembayaran_pmb` (`pembayaran_pmb_id`),
  KEY `FK_transaksi_pmb_users` (`users_id`),
  CONSTRAINT `FK_transaksi_pmb_pembayaran_pmb` FOREIGN KEY (`pembayaran_pmb_id`) REFERENCES `pembayaran_pmb` (`id`) ON DELETE CASCADE ON UPDATE CASCADE,
  CONSTRAINT `FK_transaksi_pmb_periode` FOREIGN KEY (`periode_id`) REFERENCES `periode` (`id`),
  CONSTRAINT `FK_transaksi_pmb_siswa` FOREIGN KEY (`siswa_id`) REFERENCES `siswa` (`id`) ON DELETE CASCADE ON UPDATE CASCADE,
  CONSTRAINT `FK_transaksi_pmb_uraian` FOREIGN KEY (`uraian_id`) REFERENCES `uraian` (`id`) ON DELETE CASCADE ON UPDATE CASCADE,
  CONSTRAINT `FK_transaksi_pmb_users` FOREIGN KEY (`users_id`) REFERENCES `users` (`id`)
) ENGINE=InnoDB DEFAULT CHARSET=latin1;
/*!40101 SET character_set_client = @saved_cs_client */;

--
-- Dumping data for table `transaksi_pmb`
--

LOCK TABLES `transaksi_pmb` WRITE;
/*!40000 ALTER TABLE `transaksi_pmb` DISABLE KEYS */;
/*!40000 ALTER TABLE `transaksi_pmb` ENABLE KEYS */;
UNLOCK TABLES;

--
-- Table structure for table `transaksi_spi`
--

DROP TABLE IF EXISTS `transaksi_spi`;
/*!40101 SET @saved_cs_client     = @@character_set_client */;
/*!40101 SET character_set_client = utf8 */;
CREATE TABLE `transaksi_spi` (
  `id` int(11) NOT NULL AUTO_INCREMENT,
  `periode_id` int(11) DEFAULT NULL,
  `siswa_id` int(11) DEFAULT NULL,
  `uraian_id` int(11) DEFAULT NULL,
  `pembayaran_spi_id` int(11) DEFAULT NULL,
  `users_id` int(11) unsigned DEFAULT NULL,
  `created_at` timestamp NULL DEFAULT CURRENT_TIMESTAMP,
  `updated_at` timestamp NULL DEFAULT CURRENT_TIMESTAMP ON UPDATE CURRENT_TIMESTAMP,
  PRIMARY KEY (`id`),
  KEY `FK_transaksi_spi_periode` (`periode_id`),
  KEY `FK_transaksi_spi_siswa` (`siswa_id`),
  KEY `FK_transaksi_spi_uraian` (`uraian_id`),
  KEY `FK_transaksi_spi_pembayaran_spi` (`pembayaran_spi_id`),
  KEY `FK_transaksi_spi_users` (`users_id`),
  CONSTRAINT `FK_transaksi_spi_pembayaran_spi` FOREIGN KEY (`pembayaran_spi_id`) REFERENCES `pembayaran_spi` (`id`) ON DELETE CASCADE ON UPDATE CASCADE,
  CONSTRAINT `FK_transaksi_spi_periode` FOREIGN KEY (`periode_id`) REFERENCES `periode` (`id`) ON DELETE CASCADE ON UPDATE CASCADE,
  CONSTRAINT `FK_transaksi_spi_siswa` FOREIGN KEY (`siswa_id`) REFERENCES `siswa` (`id`) ON DELETE CASCADE ON UPDATE CASCADE,
  CONSTRAINT `FK_transaksi_spi_uraian` FOREIGN KEY (`uraian_id`) REFERENCES `uraian` (`id`) ON DELETE CASCADE ON UPDATE CASCADE,
  CONSTRAINT `FK_transaksi_spi_users` FOREIGN KEY (`users_id`) REFERENCES `users` (`id`)
) ENGINE=InnoDB DEFAULT CHARSET=latin1;
/*!40101 SET character_set_client = @saved_cs_client */;

--
-- Dumping data for table `transaksi_spi`
--

LOCK TABLES `transaksi_spi` WRITE;
/*!40000 ALTER TABLE `transaksi_spi` DISABLE KEYS */;
/*!40000 ALTER TABLE `transaksi_spi` ENABLE KEYS */;
UNLOCK TABLES;

--
-- Table structure for table `type_pembayaran`
--

DROP TABLE IF EXISTS `type_pembayaran`;
/*!40101 SET @saved_cs_client     = @@character_set_client */;
/*!40101 SET character_set_client = utf8 */;
CREATE TABLE `type_pembayaran` (
  `id` int(11) NOT NULL AUTO_INCREMENT,
  `nama_pembayaran` varchar(150) DEFAULT NULL,
  `slug_pembayaran` varchar(150) DEFAULT NULL,
  `created_at` timestamp NULL DEFAULT CURRENT_TIMESTAMP,
  `updated_at` timestamp NULL DEFAULT CURRENT_TIMESTAMP ON UPDATE CURRENT_TIMESTAMP,
  PRIMARY KEY (`id`)
) ENGINE=InnoDB AUTO_INCREMENT=5 DEFAULT CHARSET=latin1;
/*!40101 SET character_set_client = @saved_cs_client */;

--
-- Dumping data for table `type_pembayaran`
--

LOCK TABLES `type_pembayaran` WRITE;
/*!40000 ALTER TABLE `type_pembayaran` DISABLE KEYS */;
INSERT INTO `type_pembayaran` VALUES (1,'Sekali Bayar','kontan','2017-12-11 08:05:46','2017-12-18 12:25:20'),(2,'Cicilan','cicilan','2017-12-11 08:05:55','2017-12-18 12:25:26'),(3,'Bulanan','bulanan','2017-12-11 08:06:03','2017-12-18 12:25:31'),(4,'Potongan','potongan','2018-03-09 15:20:08','2018-03-09 15:20:08');
/*!40000 ALTER TABLE `type_pembayaran` ENABLE KEYS */;
UNLOCK TABLES;

--
-- Table structure for table `uraian`
--

DROP TABLE IF EXISTS `uraian`;
/*!40101 SET @saved_cs_client     = @@character_set_client */;
/*!40101 SET character_set_client = utf8 */;
CREATE TABLE `uraian` (
  `id` int(11) NOT NULL AUTO_INCREMENT,
  `uraian` varchar(150) DEFAULT NULL,
  `keterangan` varchar(150) DEFAULT NULL,
  `type_pembayaran_id` int(11) DEFAULT NULL,
  `periode_id` int(11) NOT NULL,
  `jenjang_id` int(11) NOT NULL,
  `created_at` timestamp NOT NULL DEFAULT CURRENT_TIMESTAMP,
  `updated_at` timestamp NOT NULL DEFAULT CURRENT_TIMESTAMP ON UPDATE CURRENT_TIMESTAMP,
  PRIMARY KEY (`id`),
  KEY `FK_uraian_periode` (`periode_id`),
  KEY `FK_uraian_jenjang` (`jenjang_id`),
  KEY `FK_uraian_type_pembayaran` (`type_pembayaran_id`),
  CONSTRAINT `FK_uraian_jenjang` FOREIGN KEY (`jenjang_id`) REFERENCES `jenjang` (`id`) ON DELETE CASCADE ON UPDATE CASCADE,
  CONSTRAINT `FK_uraian_periode` FOREIGN KEY (`periode_id`) REFERENCES `periode` (`id`) ON DELETE CASCADE ON UPDATE CASCADE,
  CONSTRAINT `FK_uraian_type_pembayaran` FOREIGN KEY (`type_pembayaran_id`) REFERENCES `type_pembayaran` (`id`) ON DELETE CASCADE ON UPDATE CASCADE
) ENGINE=InnoDB AUTO_INCREMENT=64 DEFAULT CHARSET=latin1;
/*!40101 SET character_set_client = @saved_cs_client */;

--
-- Dumping data for table `uraian`
--

LOCK TABLES `uraian` WRITE;
/*!40000 ALTER TABLE `uraian` DISABLE KEYS */;
INSERT INTO `uraian` VALUES (18,'Paket bahan pakaian seragam',NULL,1,2,2,'2018-01-14 12:42:08','2018-01-14 12:42:08'),(20,'Paket sarana belajar',NULL,1,2,2,'2018-01-14 12:43:13','2018-01-14 12:43:13'),(21,'Peralatan kegiatan kelas',NULL,1,2,2,'2018-01-14 12:43:13','2018-01-14 12:43:13'),(22,'Uang sekolah bulan juli 2017','spp',1,2,2,'2018-01-14 12:43:13','2018-01-16 03:09:14'),(23,'Uang tabungan wajib bulan juli 2017','uang tabungan wajib',1,2,2,'2018-01-14 12:44:50','2018-01-16 03:08:39'),(24,'Kegiatan makan bersama bulan juli 2017','makan',1,2,2,'2018-01-14 12:45:43','2018-01-16 03:08:51'),(25,'Kegiatan lapanga (out door)',NULL,1,2,2,'2018-01-14 12:45:43','2018-01-14 12:45:43'),(26,'Buku laporan pendidikan dan pas foto',NULL,1,2,2,'2018-01-14 12:47:15','2018-01-23 15:11:21'),(27,'Paket bahan pakaian seragam',NULL,1,2,3,'2018-01-14 12:42:08','2018-01-14 12:49:01'),(28,'Paket Bahan Pakaian Seragam','-',1,2,1,'2018-01-14 12:42:08','2018-07-27 04:33:37'),(29,'Paket sarana belajar',NULL,1,2,1,'2018-01-14 12:43:13','2018-01-14 12:49:22'),(32,'Peralatan kegiatan kelas',NULL,1,2,1,'2018-01-14 12:43:13','2018-01-14 12:49:39'),(33,'Uang Sekolah',NULL,1,2,3,'2018-01-14 12:43:13','2018-02-09 13:37:36'),(34,'Uang Sekolah',NULL,1,2,1,'2018-01-14 12:43:13','2018-02-09 14:04:00'),(36,'Uang tabungan wajib bulan juli 2017',NULL,1,2,1,'2018-01-14 12:44:50','2018-01-23 10:48:45'),(38,'Kegiatan makan bersama bulan juli 2017',NULL,1,2,1,'2018-01-14 12:45:43','2018-01-23 10:48:54'),(40,'Kegiatan lapanga (out door)',NULL,1,2,1,'2018-01-14 12:45:43','2018-01-14 12:51:02'),(42,'Buku laporan pendidikan dan pas foto',NULL,1,2,1,'2018-01-14 12:47:15','2018-01-23 15:11:29'),(43,'Sumbangan pengembangan institusi',NULL,2,2,2,'2018-01-14 13:10:05','2018-01-14 13:10:05'),(44,'Sumbangan pengembangan institusi',NULL,2,2,1,'2018-01-14 13:10:05','2018-01-14 13:10:31'),(45,'Sumbangan pengembangan institusi',NULL,2,2,3,'2018-01-14 13:10:05','2018-01-14 13:10:28'),(46,'Amal jariyah untuk pengembangan dan pemeliharaan sarana dan prasarana pendidikan','spi',2,2,2,'2018-01-14 13:13:38','2018-02-02 08:52:28'),(47,'Amal jariah untuk pengembangan dan pemeliharaan sarana dan prasarana pendidikan',NULL,2,2,3,'2018-01-14 13:13:38','2018-01-14 13:17:18'),(48,'Amal jariah untuk pengembangan dan pemeliharaan sarana dan prasarana pendidikan','-',2,2,1,'2018-01-14 13:13:38','2018-07-26 16:55:05'),(49,'Uang sekolah',NULL,3,2,1,'2018-01-14 13:13:38','2018-01-14 13:17:23'),(50,'Uang sekolah',NULL,3,2,3,'2018-01-14 13:13:38','2018-01-14 14:20:30'),(51,'Uang sekolah',NULL,3,2,2,'2018-01-14 13:13:38','2018-01-14 14:20:34'),(52,'Tabungan',NULL,3,2,2,'2018-01-14 14:21:18','2018-01-14 14:21:18'),(53,'Tabungan',NULL,3,2,3,'2018-01-14 14:21:18','2018-01-14 14:21:39'),(54,'Tabungan','-',3,2,1,'2018-01-14 14:21:18','2018-02-09 08:31:27'),(55,'Pendaftaran Lasy','daftar lazy',1,2,2,'2018-01-15 15:26:39','2018-01-15 15:26:39'),(56,'Ajang Kreasi','piknik',1,2,2,'2018-01-16 03:02:38','2018-01-16 03:02:38'),(57,'Uang Tabungan Wajib','Tabungan',1,2,3,'2018-01-23 10:52:43','2018-02-09 13:38:01'),(58,'Paket Buku Pelajaran','Paket Buku Pelajaran',1,2,3,'2018-01-23 10:53:11','2018-02-09 13:38:23'),(59,'Buku laporan pendidikan dan pas foto','buku laporan',1,2,3,'2018-01-23 10:53:52','2018-01-23 10:53:52'),(60,'Kalender',NULL,1,2,3,'2018-01-27 08:43:06','2018-02-09 13:38:44'),(61,'Saudara di SD Supriyadi',NULL,4,2,1,'2018-03-09 15:20:28','2018-03-09 15:20:28'),(62,'Rumah Di Lingkungan SD',NULL,4,2,2,'2018-03-09 17:26:12','2018-03-09 17:26:12'),(63,'Tidak Ada Potongan',NULL,4,2,2,'2018-03-10 11:03:43','2018-03-10 11:03:43');
/*!40000 ALTER TABLE `uraian` ENABLE KEYS */;
UNLOCK TABLES;

--
-- Table structure for table `users`
--

DROP TABLE IF EXISTS `users`;
/*!40101 SET @saved_cs_client     = @@character_set_client */;
/*!40101 SET character_set_client = utf8 */;
CREATE TABLE `users` (
  `id` int(10) unsigned NOT NULL AUTO_INCREMENT,
  `username` varchar(30) CHARACTER SET utf8mb4 COLLATE utf8mb4_unicode_ci DEFAULT NULL,
  `password_reset_token` varchar(190) CHARACTER SET utf8mb4 COLLATE utf8mb4_unicode_ci DEFAULT NULL,
  `account_activation_token` varchar(190) CHARACTER SET utf8mb4 COLLATE utf8mb4_unicode_ci DEFAULT NULL,
  `email` varchar(50) CHARACTER SET utf8mb4 COLLATE utf8mb4_unicode_ci NOT NULL,
  `auth_key` varchar(32) CHARACTER SET utf8mb4 COLLATE utf8mb4_unicode_ci NOT NULL,
  `password_hash` varchar(255) CHARACTER SET utf8mb4 COLLATE utf8mb4_unicode_ci NOT NULL,
  `status` smallint(6) NOT NULL,
  `created_at` timestamp NULL DEFAULT CURRENT_TIMESTAMP,
  `updated_at` timestamp NULL DEFAULT CURRENT_TIMESTAMP ON UPDATE CURRENT_TIMESTAMP,
  PRIMARY KEY (`id`),
  UNIQUE KEY `email` (`email`),
  UNIQUE KEY `username` (`username`),
  UNIQUE KEY `password_reset_token` (`password_reset_token`),
  UNIQUE KEY `account_activation_token` (`account_activation_token`)
) ENGINE=InnoDB AUTO_INCREMENT=5 DEFAULT CHARSET=utf8 COLLATE=utf8_unicode_ci;
/*!40101 SET character_set_client = @saved_cs_client */;

--
-- Dumping data for table `users`
--

LOCK TABLES `users` WRITE;
/*!40000 ALTER TABLE `users` DISABLE KEYS */;
INSERT INTO `users` VALUES (1,'agprasha',NULL,NULL,'agpraw@gmail.com','WlPE4mYxSFfigdpLjC3B81CDTbnM9_Ub','$2y$13$CPrG5C0oMAMNL2fv0b68oed8z6u5rSMOt2MAsIz2FJubPDqy5NYGS',1,'2018-07-25 10:17:40','2018-07-25 10:31:29'),(3,'wiwit',NULL,NULL,'wiwit@gmail.com','1JVp3_aSfukZ3SIBlNKltxp9dniVghIK','$2y$13$/f6SHSKE5Ui3NFRKtN2FVeiQZ8N1WFVlBkpjTSa2PisuiZA/.3T92',1,'2018-07-25 12:17:01','2018-07-25 12:17:01'),(4,'kiki',NULL,NULL,'kiki@gmail.com','7X8WXWG6uGyBEJH-Ce9W5D8sYiAjMVkj','$2y$13$ITag98WIonLlfk9LC/HaSujZuVyuW/7bTbnyX/DE44hiZ3bHVE3e2',1,'2018-08-09 13:38:30','2018-08-09 13:38:30');
/*!40000 ALTER TABLE `users` ENABLE KEYS */;
UNLOCK TABLES;
/*!40103 SET TIME_ZONE=@OLD_TIME_ZONE */;

/*!40101 SET SQL_MODE=@OLD_SQL_MODE */;
/*!40014 SET FOREIGN_KEY_CHECKS=@OLD_FOREIGN_KEY_CHECKS */;
/*!40014 SET UNIQUE_CHECKS=@OLD_UNIQUE_CHECKS */;
/*!40101 SET CHARACTER_SET_CLIENT=@OLD_CHARACTER_SET_CLIENT */;
/*!40101 SET CHARACTER_SET_RESULTS=@OLD_CHARACTER_SET_RESULTS */;
/*!40101 SET COLLATION_CONNECTION=@OLD_COLLATION_CONNECTION */;
/*!40111 SET SQL_NOTES=@OLD_SQL_NOTES */;

-- Dump completed on 2019-05-01 10:05:13
